id,name,category_id,category_name,category_url,price,original_price,image_url,product_url,in_stock,page
3477,Britannia 50-50 Sweet and Salty Biscuits 25gm,20,Biscuit & Cookies,https://rasanmart.com/product-category/20,10,,https://rasanmart.com/images/backend_images/products/small/8841.png,https://rasanmart.com/product-details/3477,True,1
3476,Britannia 50-50 Top Biscuits (Buttery Bites) 200gm,20,Biscuit & Cookies,https://rasanmart.com/product-category/20,60,,https://rasanmart.com/images/backend_images/products/small/982.png,https://rasanmart.com/product-details/3476,True,1
3475,Britannia 50-50 Biscuits (Sweet& Salty) 150gm,20,Biscuit & Cookies,https://rasanmart.com/product-category/20,50,,,https://rasanmart.com/product-details/3475,True,1
3474,Britannia Milk Rusk 310gm,20,Biscuit & Cookies,https://rasanmart.com/product-category/20,190,,https://rasanmart.com/images/backend_images/products/small/80923.jpg,https://rasanmart.com/product-details/3474,True,1
3473,Mount Honey 100ml,76,Health & Safety,https://rasanmart.com/product-category/76,115,125,https://rasanmart.com/images/backend_images/products/small/47738.jpeg,https://rasanmart.com/product-details/3473,True,1
3472,Mount Honey 500ml,76,Health & Safety,https://rasanmart.com/product-category/76,445,500,https://rasanmart.com/images/backend_images/products/small/9361.jpg,https://rasanmart.com/product-details/3472,True,1
3471,Mount Honey 1kg,76,Health & Safety,https://rasanmart.com/product-category/76,840,900,https://rasanmart.com/images/backend_images/products/small/21229.jpg,https://rasanmart.com/product-details/3471,True,1
3466,Victory Seto Till (Sesame) 500gm,88,Household,https://rasanmart.com/product-category/88,225,257,https://rasanmart.com/images/backend_images/products/small/12879.png,https://rasanmart.com/product-details/3466,True,1
3461,Victory Super Garam Masala 500gm,9,Masala & Spices,https://rasanmart.com/product-category/9,475,502,https://rasanmart.com/images/backend_images/products/small/45677.jpeg,https://rasanmart.com/product-details/3461,True,1
3458,Parle Melody Chocolaty 195.5gm,52,Snacks & Sweets,https://rasanmart.com/product-category/52,125,,https://rasanmart.com/images/backend_images/products/small/4324.jpeg,https://rasanmart.com/product-details/3458,True,1
3457,Bhanbhori Peanut Butter Crunchy  340gmgm,11,Energy & Health,https://rasanmart.com/product-category/11,265,,https://rasanmart.com/images/backend_images/products/small/57981.png,https://rasanmart.com/product-details/3457,True,1
3456,Siam Elephants Coconut Milk 400ml,15,"Tea, Coffee & Beverage",https://rasanmart.com/product-category/15,230,,https://rasanmart.com/images/backend_images/products/small/48647.png,https://rasanmart.com/product-details/3456,True,1
3455,Odonil Air Freshener (Jasmine Mist) 72gm,88,Household,https://rasanmart.com/product-category/88,145,,https://rasanmart.com/images/backend_images/products/small/11598.png,https://rasanmart.com/product-details/3455,True,1
3454,Odonil Air Freshener (Lavender Meadows) 72gm,88,Household,https://rasanmart.com/product-category/88,145,,https://rasanmart.com/images/backend_images/products/small/22127.png,https://rasanmart.com/product-details/3454,True,1
3453,Odonil Air Freshner (Orchid Dew) 72gm,88,Household,https://rasanmart.com/product-category/88,145,,https://rasanmart.com/images/backend_images/products/small/97201.png,https://rasanmart.com/product-details/3453,True,1
3452,Ruchi Hing 25gm,9,Masala & Spices,https://rasanmart.com/product-category/9,125,,https://rasanmart.com/images/backend_images/products/small/76474.png,https://rasanmart.com/product-details/3452,True,1
3451,Catch Turmeric Powder 200gm,9,Masala & Spices,https://rasanmart.com/product-category/9,162,180,https://rasanmart.com/images/backend_images/products/small/41601.png,https://rasanmart.com/product-details/3451,True,1
3450,Catch Red Chilli Powder 200gm,9,Masala & Spices,https://rasanmart.com/product-category/9,216,240,https://rasanmart.com/images/backend_images/products/small/74545.png,https://rasanmart.com/product-details/3450,True,1
3449,Catch Turmeric Powder 500gm,9,Masala & Spices,https://rasanmart.com/product-category/9,396,440,https://rasanmart.com/images/backend_images/products/small/16104.png,https://rasanmart.com/product-details/3449,True,1
3448,Catch Red Chilli Powder 500gm,9,Masala & Spices,https://rasanmart.com/product-category/9,523,582,https://rasanmart.com/images/backend_images/products/small/39609.png,https://rasanmart.com/product-details/3448,True,1
3447,Catch Schezwan Paste 100gm,9,Masala & Spices,https://rasanmart.com/product-category/9,85,,https://rasanmart.com/images/backend_images/products/small/61186.png,https://rasanmart.com/product-details/3447,True,2
3446,Catch Ginger Garlic Paste 200gm,9,Masala & Spices,https://rasanmart.com/product-category/9,99,110,https://rasanmart.com/images/backend_images/products/small/70957.png,https://rasanmart.com/product-details/3446,True,2
3445,Catch Jaljeera Powder 100gm,9,Masala & Spices,https://rasanmart.com/product-category/9,170,190,https://rasanmart.com/images/backend_images/products/small/79866.png,https://rasanmart.com/product-details/3445,True,2
3444,Catch Italian Combo (Oregano & Chilli Flakes) 33gm,9,Masala & Spices,https://rasanmart.com/product-category/9,205,220,https://rasanmart.com/images/backend_images/products/small/69861.png,https://rasanmart.com/product-details/3444,True,2
3443,Catch Raita Masala (Sprinkler) 50gm,9,Masala & Spices,https://rasanmart.com/product-category/9,140,145,https://rasanmart.com/images/backend_images/products/small/33257.png,https://rasanmart.com/product-details/3443,True,2
3442,Galaxy Brown Basmati Rice 1kg,34,Rice & Rice Products,https://rasanmart.com/product-category/34,304,,https://rasanmart.com/images/backend_images/products/small/95797.jpg,https://rasanmart.com/product-details/3442,True,2
3441,Catch Peri Peri Masala (Sprinkler) 100gm,9,Masala & Spices,https://rasanmart.com/product-category/9,215,220,https://rasanmart.com/images/backend_images/products/small/88114.png,https://rasanmart.com/product-details/3441,True,2
3440,Catch Black Paper (Sprinkler),9,Masala & Spices,https://rasanmart.com/product-category/9,435,440,https://rasanmart.com/images/backend_images/products/small/45397.png,https://rasanmart.com/product-details/3440,True,2
3439,Catch Chat Masala (Sprinkler) 100gm,9,Masala & Spices,https://rasanmart.com/product-category/9,190,195,https://rasanmart.com/images/backend_images/products/small/76673.png,https://rasanmart.com/product-details/3439,True,2
3437,Pitambari Metal Polish Liquid 100ml,89,Puja Essentials,https://rasanmart.com/product-category/89,200,,https://rasanmart.com/images/backend_images/products/small/6409.jpg,https://rasanmart.com/product-details/3437,True,2
3434,Catch Biryani Masala 50gm,9,Masala & Spices,https://rasanmart.com/product-category/9,215,220,https://rasanmart.com/images/backend_images/products/small/85864.png,https://rasanmart.com/product-details/3434,True,2
3433,Catch Sabji Masala 50gm,9,Masala & Spices,https://rasanmart.com/product-category/9,85,90,https://rasanmart.com/images/backend_images/products/small/78401.png,https://rasanmart.com/product-details/3433,True,2
3432,Catch Kasuri Methi 25gm,9,Masala & Spices,https://rasanmart.com/product-category/9,70,75,https://rasanmart.com/images/backend_images/products/small/25382.png,https://rasanmart.com/product-details/3432,True,2
3431,Catch Kashmiri Mirch Powder 50gm,9,Masala & Spices,https://rasanmart.com/product-category/9,135,140,https://rasanmart.com/images/backend_images/products/small/45781.png,https://rasanmart.com/product-details/3431,True,2
3430,Catch MoMo Masala 50gm,9,Masala & Spices,https://rasanmart.com/product-category/9,90,95,https://rasanmart.com/images/backend_images/products/small/92091.png,https://rasanmart.com/product-details/3430,True,2
3429,Catch Chhole Masala 100gm,9,Masala & Spices,https://rasanmart.com/product-category/9,235,240,https://rasanmart.com/images/backend_images/products/small/38288.png,https://rasanmart.com/product-details/3429,True,2
3428,Catch Pav Bhaji Masala 50gm,9,Masala & Spices,https://rasanmart.com/product-category/9,120,125,https://rasanmart.com/images/backend_images/products/small/8816.png,https://rasanmart.com/product-details/3428,True,2
3427,Catch Shahi Paneer Masala 100gm,9,Masala & Spices,https://rasanmart.com/product-category/9,270,275,https://rasanmart.com/images/backend_images/products/small/1722.png,https://rasanmart.com/product-details/3427,True,2
3426,Catch Kasuri Methi 25gm,9,Masala & Spices,https://rasanmart.com/product-category/9,70,75,https://rasanmart.com/images/backend_images/products/small/22717.png,https://rasanmart.com/product-details/3426,True,2
3425,Catch Black Pepper Powder 100gm,9,Masala & Spices,https://rasanmart.com/product-category/9,415,420,https://rasanmart.com/images/backend_images/products/small/60414.png,https://rasanmart.com/product-details/3425,True,2
3424,Catch Amchur Powder 100gm,9,Masala & Spices,https://rasanmart.com/product-category/9,245,250,https://rasanmart.com/images/backend_images/products/small/52355.png,https://rasanmart.com/product-details/3424,True,3
3423,MacCoffee Original 50gm Pouch,15,"Tea, Coffee & Beverage",https://rasanmart.com/product-category/15,299,,https://rasanmart.com/images/backend_images/products/small/87913.jpg,https://rasanmart.com/product-details/3423,True,3
3422,MacCoffee Original 40gm Pouch,15,"Tea, Coffee & Beverage",https://rasanmart.com/product-category/15,220,,https://rasanmart.com/images/backend_images/products/small/98420.jpg,https://rasanmart.com/product-details/3422,True,3
3421,Delite Dairy Whitener (milk Powder) 400gm,15,"Tea, Coffee & Beverage",https://rasanmart.com/product-category/15,470,,https://rasanmart.com/images/backend_images/products/small/39634.jpg,https://rasanmart.com/product-details/3421,True,3
3420,MacCoffee Gold 150gm (Free maccofee mug ),15,"Tea, Coffee & Beverage",https://rasanmart.com/product-category/15,1275,,https://rasanmart.com/images/backend_images/products/small/20940.jpg,https://rasanmart.com/product-details/3420,True,3
3419,MacCoffee Original 400gm (Free maccofee mug free),15,"Tea, Coffee & Beverage",https://rasanmart.com/product-category/15,1899,,https://rasanmart.com/images/backend_images/products/small/96850.jpg,https://rasanmart.com/product-details/3419,True,3
3418,Victory Himalayan Black Salt 500gm,14,Sugar & Salt,https://rasanmart.com/product-category/14,80,,https://rasanmart.com/images/backend_images/products/small/48494.png,https://rasanmart.com/product-details/3418,True,3
3413,Yuku Pizza Pasta Seasoning 75gm,9,Masala & Spices,https://rasanmart.com/product-category/9,165,,https://rasanmart.com/images/backend_images/products/small/19645.png,https://rasanmart.com/product-details/3413,True,3
3412,Yuku Oregano 30gm,9,Masala & Spices,https://rasanmart.com/product-category/9,165,,https://rasanmart.com/images/backend_images/products/small/87789.png,https://rasanmart.com/product-details/3412,True,3
3411,Sai Kripa Gold tea 1kg,15,"Tea, Coffee & Beverage",https://rasanmart.com/product-category/15,640,720,https://rasanmart.com/images/backend_images/products/small/67932.png,https://rasanmart.com/product-details/3411,False,3
3410,Sai Kripa Gold tea 3kg (with Saspan Free),15,"Tea, Coffee & Beverage",https://rasanmart.com/product-category/15,1899,2100,https://rasanmart.com/images/backend_images/products/small/28143.png,https://rasanmart.com/product-details/3410,False,3
3409,India Gate Brown Basmati Rice 1kg,34,Rice & Rice Products,https://rasanmart.com/product-category/34,275,,https://rasanmart.com/images/backend_images/products/small/97080.png,https://rasanmart.com/product-details/3409,True,3
3407,Fortune Refined Mustard Oil 1ltr Pouch,12,Cooking Oil & Ghee,https://rasanmart.com/product-category/12,389,390,https://rasanmart.com/images/backend_images/products/small/86711.png,https://rasanmart.com/product-details/3407,True,3
3406,Apis Mixed Veggies Pickle 500gm,32,Pickles,https://rasanmart.com/product-category/32,175,,https://rasanmart.com/images/backend_images/products/small/22445.png,https://rasanmart.com/product-details/3406,True,3
3405,Naturesmith Oregano Seasoning 75gm,9,Masala & Spices,https://rasanmart.com/product-category/9,165,,https://rasanmart.com/images/backend_images/products/small/52135.png,https://rasanmart.com/product-details/3405,True,3
3404,Sunbeam Sunflower Oil 5ltr,12,Cooking Oil & Ghee,https://rasanmart.com/product-category/12,2399,2500,https://rasanmart.com/images/backend_images/products/small/75475.png,https://rasanmart.com/product-details/3404,True,3
3403,Parachute Extra Virgin Coconut Baby Oil 250ml,76,Health & Safety,https://rasanmart.com/product-category/76,500,,https://rasanmart.com/images/backend_images/products/small/68892.png,https://rasanmart.com/product-details/3403,True,3
3402,Trust Saunf 500gm,88,Household,https://rasanmart.com/product-category/88,290,,https://rasanmart.com/images/backend_images/products/small/60286.png,https://rasanmart.com/product-details/3402,True,3
3401,Pass Pass Meetha Zipper 11gm,52,Snacks & Sweets,https://rasanmart.com/product-category/52,10,,https://rasanmart.com/images/backend_images/products/small/26188.png,https://rasanmart.com/product-details/3401,True,3
3400,Pass Pass Pulse Mix Candy 190gm,52,Snacks & Sweets,https://rasanmart.com/product-category/52,125,,https://rasanmart.com/images/backend_images/products/small/41746.png,https://rasanmart.com/product-details/3400,True,3
3399,Pass Pass Pulse Kachcha Aam 190gm,52,Snacks & Sweets,https://rasanmart.com/product-category/52,125,,https://rasanmart.com/images/backend_images/products/small/61422.png,https://rasanmart.com/product-details/3399,True,4
3398,Pass Pass Pulse Orange Candy 190gm,52,Snacks & Sweets,https://rasanmart.com/product-category/52,125,,https://rasanmart.com/images/backend_images/products/small/23974.png,https://rasanmart.com/product-details/3398,True,4
3397,Dhoni Herbal Detergent Powder 900gm,88,Household,https://rasanmart.com/product-category/88,99,110,https://rasanmart.com/images/backend_images/products/small/66394.png,https://rasanmart.com/product-details/3397,True,4
3396,Dhoni Toilet Cleaner 500ml,88,Household,https://rasanmart.com/product-category/88,130,150,https://rasanmart.com/images/backend_images/products/small/70743.png,https://rasanmart.com/product-details/3396,True,4
3395,Dhoni Kleen Phenyle 1ltr,88,Household,https://rasanmart.com/product-category/88,99,130,https://rasanmart.com/images/backend_images/products/small/30901.png,https://rasanmart.com/product-details/3395,True,4
3394,Dhoni Kleen Combo Pack (500ml Toilet Cleaner & Phenyle),88,Household,https://rasanmart.com/product-category/88,150,215,https://rasanmart.com/images/backend_images/products/small/81573.png,https://rasanmart.com/product-details/3394,True,4
3392,Shreeram Kaju Badam Lachha 150gm,52,Snacks & Sweets,https://rasanmart.com/product-category/52,200,,https://rasanmart.com/images/backend_images/products/small/21265.jpg,https://rasanmart.com/product-details/3392,True,4
3391,Shreeram Raita Boondi 150gm,52,Snacks & Sweets,https://rasanmart.com/product-category/52,110,,https://rasanmart.com/images/backend_images/products/small/17221.jpg,https://rasanmart.com/product-details/3391,True,4
3387,Shreeram Chana Jor Garam 150gm,52,Snacks & Sweets,https://rasanmart.com/product-category/52,110,,https://rasanmart.com/images/backend_images/products/small/22208.jpg,https://rasanmart.com/product-details/3387,True,4
3386,Shreeram RIm Jhim Cornflakes 350gm,52,Snacks & Sweets,https://rasanmart.com/product-category/52,330,,https://rasanmart.com/images/backend_images/products/small/76000.jpg,https://rasanmart.com/product-details/3386,True,4
3385,Shreeram Bhelpuri 150gm,52,Snacks & Sweets,https://rasanmart.com/product-category/52,110,,https://rasanmart.com/images/backend_images/products/small/36903.jpg,https://rasanmart.com/product-details/3385,True,4
3384,More Light Liquid Detergent 5ltr,88,Household,https://rasanmart.com/product-category/88,920,,https://rasanmart.com/images/backend_images/products/small/46801.jpg,https://rasanmart.com/product-details/3384,True,4
3382,Vedik Cow Ghee 1Ltr,12,Cooking Oil & Ghee,https://rasanmart.com/product-category/12,1150,1350,https://rasanmart.com/images/backend_images/products/small/18375.png,https://rasanmart.com/product-details/3382,True,4
3381,Naturesmith Piri Piri Seasoning 75gm,9,Masala & Spices,https://rasanmart.com/product-category/9,260,,https://rasanmart.com/images/backend_images/products/small/97577.png,https://rasanmart.com/product-details/3381,True,4
3377,Vedic Ghee 1KG,12,Cooking Oil & Ghee,https://rasanmart.com/product-category/12,1150,1350,https://rasanmart.com/images/backend_images/products/small/13867.jpg,https://rasanmart.com/product-details/3377,True,4
3376,Whisper Choice Night XXl 6Pads,86,Personal Care,https://rasanmart.com/product-category/86,80,,https://rasanmart.com/images/backend_images/products/small/74766.png,https://rasanmart.com/product-details/3376,True,4
3375,Lizol Lavender 5ltr,88,Household,https://rasanmart.com/product-category/88,1806,,https://rasanmart.com/images/backend_images/products/small/92775.png,https://rasanmart.com/product-details/3375,True,4
3372,Haldiram's Salted Banana Chips 180gm,52,Snacks & Sweets,https://rasanmart.com/product-category/52,265,,https://rasanmart.com/images/backend_images/products/small/36940.png,https://rasanmart.com/product-details/3372,True,4
3367,Everest Pasta Masala 7gm (Buy5 Get1 free),9,Masala & Spices,https://rasanmart.com/product-category/9,50,,https://rasanmart.com/images/backend_images/products/small/94305.png,https://rasanmart.com/product-details/3367,True,4
3366,Everest Peri Peri Masala 7gm (Buy5 Get1 Free),9,Masala & Spices,https://rasanmart.com/product-category/9,50,,https://rasanmart.com/images/backend_images/products/small/97491.png,https://rasanmart.com/product-details/3366,True,4
3365,Everest Pasta Masala 7gm (B5G1 Free),9,Masala & Spices,https://rasanmart.com/product-category/9,50,,,https://rasanmart.com/product-details/3365,True,5
3363,Lux Body Wash Soft Rose 750ml,86,Personal Care,https://rasanmart.com/product-category/86,640,,https://rasanmart.com/images/backend_images/products/small/78766.png,https://rasanmart.com/product-details/3363,True,5
3362,Lux Body Wash Soft Rose 245ml,86,Personal Care,https://rasanmart.com/product-category/86,180,,https://rasanmart.com/images/backend_images/products/small/553.png,https://rasanmart.com/product-details/3362,True,5
3361,Lux Body Wash Magical Orchid 750ml,86,Personal Care,https://rasanmart.com/product-category/86,640,,https://rasanmart.com/images/backend_images/products/small/33343.png,https://rasanmart.com/product-details/3361,True,5
3360,Lux Body Wash Magical Orchid 245ml,86,Personal Care,https://rasanmart.com/product-category/86,180,,https://rasanmart.com/images/backend_images/products/small/90590.png,https://rasanmart.com/product-details/3360,True,5
3353,DDC Paneer 500gm,51,Dairy & Bakery Products,https://rasanmart.com/product-category/51,430,,https://rasanmart.com/images/backend_images/products/small/91056.png,https://rasanmart.com/product-details/3353,True,5
3352,Talod Rava Idli Flour 200gm,35,"Atta, Maida & Suji",https://rasanmart.com/product-category/35,150,,https://rasanmart.com/images/backend_images/products/small/32589.png,https://rasanmart.com/product-details/3352,True,5
3351,Talod Nylon Khaman Flour 200gm,35,"Atta, Maida & Suji",https://rasanmart.com/product-category/35,150,,https://rasanmart.com/images/backend_images/products/small/79193.png,https://rasanmart.com/product-details/3351,True,5
3350,Talod Dosa Flour 200gm,35,"Atta, Maida & Suji",https://rasanmart.com/product-category/35,150,,https://rasanmart.com/images/backend_images/products/small/38438.png,https://rasanmart.com/product-details/3350,True,5
3349,Seto teel S.M. 500gm,88,Household,https://rasanmart.com/product-category/88,210,220,https://rasanmart.com/images/backend_images/products/small/70535.png,https://rasanmart.com/product-details/3349,True,5
3348,Seto Till 100gm,86,Personal Care,https://rasanmart.com/product-category/86,40,42,https://rasanmart.com/images/backend_images/products/small/10641.png,https://rasanmart.com/product-details/3348,True,5
3346,Dhaniya Geda S.M.500gm,86,Personal Care,https://rasanmart.com/product-category/86,195,220,https://rasanmart.com/images/backend_images/products/small/18473.png,https://rasanmart.com/product-details/3346,True,5
3345,Dhaniya Geda S.M. 100gm,86,Personal Care,https://rasanmart.com/product-category/86,42,45,https://rasanmart.com/images/backend_images/products/small/31612.png,https://rasanmart.com/product-details/3345,True,5
3344,Brown Teel S.M 100gm,88,Household,https://rasanmart.com/product-category/88,41,45,https://rasanmart.com/images/backend_images/products/small/86590.png,https://rasanmart.com/product-details/3344,True,5
3343,Methi Dana S.M 100gm,9,Masala & Spices,https://rasanmart.com/product-category/9,28,30,https://rasanmart.com/images/backend_images/products/small/46588.png,https://rasanmart.com/product-details/3343,True,5
3341,Everest Curry Powder 100gm,9,Masala & Spices,https://rasanmart.com/product-category/9,157,,https://rasanmart.com/images/backend_images/products/small/17596.png,https://rasanmart.com/product-details/3341,True,5
3339,Everest Sambhar Masala 100gm,9,Masala & Spices,https://rasanmart.com/product-category/9,209,,https://rasanmart.com/images/backend_images/products/small/88566.png,https://rasanmart.com/product-details/3339,True,5
3338,Everest Curry Powder 100gm,9,Masala & Spices,https://rasanmart.com/product-category/9,157,,https://rasanmart.com/images/backend_images/products/small/51459.png,https://rasanmart.com/product-details/3338,True,5
3337,Veeba Schezwan Chilli Chutney 250gm,16,"Ketchup, Spreads & Jams",https://rasanmart.com/product-category/16,265,,https://rasanmart.com/images/backend_images/products/small/1086.png,https://rasanmart.com/product-details/3337,True,5
3334,Krack Happy Feet 25gm,86,Personal Care,https://rasanmart.com/product-category/86,168,,https://rasanmart.com/images/backend_images/products/small/80055.png,https://rasanmart.com/product-details/3334,True,5
3326,Fena Superwash plus Soap (250gm+50gm free),86,Personal Care,https://rasanmart.com/product-category/86,39,,https://rasanmart.com/images/backend_images/products/small/92681.png,https://rasanmart.com/product-details/3326,True,6
3325,Fena Impact Wash Surf 3kg (With 15 ltr Bucket free),88,Household,https://rasanmart.com/product-category/88,992,,https://rasanmart.com/images/backend_images/products/small/17653.png,https://rasanmart.com/product-details/3325,True,6
3324,Fena Super Wash Germ Clean Surf 4kg (with 15ltr Bucket free),88,Household,https://rasanmart.com/product-category/88,800,,https://rasanmart.com/images/backend_images/products/small/12851.png,https://rasanmart.com/product-details/3324,True,6
3323,Fena Super Wash Germ Clean Surf 900gm,88,Household,https://rasanmart.com/product-category/88,125,,https://rasanmart.com/images/backend_images/products/small/5627.png,https://rasanmart.com/product-details/3323,True,6
3322,Santulit Kodoko Pitho (Ragi Aata) 500gm,35,"Atta, Maida & Suji",https://rasanmart.com/product-category/35,85,,https://rasanmart.com/images/backend_images/products/small/17687.png,https://rasanmart.com/product-details/3322,True,6
3320,Parle-G 400 Gm,20,Biscuit & Cookies,https://rasanmart.com/product-category/20,100,,https://rasanmart.com/images/backend_images/products/small/95555.jpeg,https://rasanmart.com/product-details/3320,True,6
3319,Kamdhenu Saunf 500 Gm,9,Masala & Spices,https://rasanmart.com/product-category/9,245,,https://rasanmart.com/images/backend_images/products/small/7685.png,https://rasanmart.com/product-details/3319,True,6
3318,Bhanbhori Rose Water 190 Ml,88,Household,https://rasanmart.com/product-category/88,85,,https://rasanmart.com/images/backend_images/products/small/65463.png,https://rasanmart.com/product-details/3318,True,6
3317,Lux White Soap (100gmX4pc Set),76,Health & Safety,https://rasanmart.com/product-category/76,200,220,https://rasanmart.com/images/backend_images/products/small/16875.png,https://rasanmart.com/product-details/3317,True,6
3316,Lifebuoy Nature Green ( 100gmX4pc Set),76,Health & Safety,https://rasanmart.com/product-category/76,180,192,https://rasanmart.com/images/backend_images/products/small/87479.png,https://rasanmart.com/product-details/3316,True,6
3315,Lifebuoy Care Blue (100gmX4pc Set),76,Health & Safety,https://rasanmart.com/product-category/76,180,192,https://rasanmart.com/images/backend_images/products/small/59797.png,https://rasanmart.com/product-details/3315,True,6
3314,Lifebuoy Total Red (100gmX4pc Set),76,Health & Safety,https://rasanmart.com/product-category/76,180,192,https://rasanmart.com/images/backend_images/products/small/95315.png,https://rasanmart.com/product-details/3314,True,6
3313,Godrej Fab Liquid Detergent 1ltr( free magic hand wash),76,Health & Safety,https://rasanmart.com/product-category/76,250,,https://rasanmart.com/images/backend_images/products/small/16713.png,https://rasanmart.com/product-details/3313,True,6
3311,Shubha Laxmi Furandana Diet Mixture 450 GM,52,Snacks & Sweets,https://rasanmart.com/product-category/52,150,,https://rasanmart.com/images/backend_images/products/small/84366.png,https://rasanmart.com/product-details/3311,True,6
3310,Surfexcel Stain Eraser Bar(4 Unit x 200) GM,88,Household,https://rasanmart.com/product-category/88,195,,https://rasanmart.com/images/backend_images/products/small/88586.png,https://rasanmart.com/product-details/3310,True,6
3309,Sunsilk Rosemary Frizz Smooth Shampoo 370 ML,86,Personal Care,https://rasanmart.com/product-category/86,405,,https://rasanmart.com/images/backend_images/products/small/43314.png,https://rasanmart.com/product-details/3309,True,6
3308,Pepsodent Whitening Toothpaste 150 GM,86,Personal Care,https://rasanmart.com/product-category/86,155,,https://rasanmart.com/images/backend_images/products/small/43060.png,https://rasanmart.com/product-details/3308,True,6
3306,Dettol Lime Fresh Shower Gel 500Ml + Free Dettol Lime Fresh Shower Gel 450 Ml Pouch,88,Household,https://rasanmart.com/product-category/88,752,,https://rasanmart.com/images/backend_images/products/small/12656.jpeg,https://rasanmart.com/product-details/3306,True,6
3305,Dettol ICY Cool Shower Gel 250 Ml,88,Household,https://rasanmart.com/product-category/88,206,398,https://rasanmart.com/images/backend_images/products/small/60332.jpeg,https://rasanmart.com/product-details/3305,True,6
3304,Dettol Lime Fresh Shower Gel 250 Ml,88,Household,https://rasanmart.com/product-category/88,206,398,https://rasanmart.com/images/backend_images/products/small/46753.jpeg,https://rasanmart.com/product-details/3304,True,6
3299,Nati Natini Long Grain Basmati Rice 5kg,34,Rice & Rice Products,https://rasanmart.com/product-category/34,985,990,https://rasanmart.com/images/backend_images/products/small/89791.png,https://rasanmart.com/product-details/3299,True,7
3292,Nati Natini Long Grain Basmati Rice 20kg,34,Rice & Rice Products,https://rasanmart.com/product-category/34,3575,3750,https://rasanmart.com/images/backend_images/products/small/69958.png,https://rasanmart.com/product-details/3292,True,7
3289,Dabur Gulabari Aloe Vera Rose Water 250ml,86,Personal Care,https://rasanmart.com/product-category/86,155,,https://rasanmart.com/images/backend_images/products/small/99503.jpeg,https://rasanmart.com/product-details/3289,True,7
3283,Dove Bar White (100gmx3Pcs) Set,86,Personal Care,https://rasanmart.com/product-category/86,350,375,https://rasanmart.com/images/backend_images/products/small/65837.jpeg,https://rasanmart.com/product-details/3283,True,7
3274,Rakura organic Himalayan Green tea Lemon & Honey 25 Tea bag,15,"Tea, Coffee & Beverage",https://rasanmart.com/product-category/15,289,,https://rasanmart.com/images/backend_images/products/small/42609.png,https://rasanmart.com/product-details/3274,True,7
3268,Good Luck Angoori Jeera Rice 25kg,34,Rice & Rice Products,https://rasanmart.com/product-category/34,2399,2575,https://rasanmart.com/images/backend_images/products/small/28834.png,https://rasanmart.com/product-details/3268,True,7
3267,Teelaura 180gm,91,Grocery,https://rasanmart.com/product-category/91,90,,https://rasanmart.com/images/backend_images/products/small/46742.png,https://rasanmart.com/product-details/3267,True,7
3255,Apis Saffron 0.5gm,11,Energy & Health,https://rasanmart.com/product-category/11,240,,https://rasanmart.com/images/backend_images/products/small/82694.png,https://rasanmart.com/product-details/3255,True,7
3254,Vaseline Deep Moisture 400ml,86,Personal Care,https://rasanmart.com/product-category/86,475,,https://rasanmart.com/images/backend_images/products/small/83547.jpeg,https://rasanmart.com/product-details/3254,True,7
3253,Pure Pesa Chakki Atta 5Kg,35,"Atta, Maida & Suji",https://rasanmart.com/product-category/35,435,500,https://rasanmart.com/images/backend_images/products/small/17836.jpeg,https://rasanmart.com/product-details/3253,True,7
3252,Dhoni Laundry Soap (250gm x 6psc),76,Health & Safety,https://rasanmart.com/product-category/76,350,,https://rasanmart.com/images/backend_images/products/small/17926.jpeg,https://rasanmart.com/product-details/3252,True,7
3248,Berlino Soya Chunks 200gm,91,Grocery,https://rasanmart.com/product-category/91,110,,https://rasanmart.com/images/backend_images/products/small/39327.jpeg,https://rasanmart.com/product-details/3248,True,7
3247,Berlino Spaghetti 3 500gm,31,Noodles & Pasta,https://rasanmart.com/product-category/31,200,,https://rasanmart.com/images/backend_images/products/small/89605.jpeg,https://rasanmart.com/product-details/3247,True,7
3243,Veeba Veg Mayonnaise Smart 250gm,16,"Ketchup, Spreads & Jams",https://rasanmart.com/product-category/16,260,,https://rasanmart.com/images/backend_images/products/small/84120.jpeg,https://rasanmart.com/product-details/3243,True,7
3242,Veeba Mo:Mo Chutney 225gm,16,"Ketchup, Spreads & Jams",https://rasanmart.com/product-category/16,225,,https://rasanmart.com/images/backend_images/products/small/73465.jpeg,https://rasanmart.com/product-details/3242,True,7
3241,Veeba Pasta Sauce Creamy Alfredo 250gm,16,"Ketchup, Spreads & Jams",https://rasanmart.com/product-category/16,390,,https://rasanmart.com/images/backend_images/products/small/50803.jpeg,https://rasanmart.com/product-details/3241,True,7
3240,Veeba Sandwich Spread Carrot & Cucumber 250gm,16,"Ketchup, Spreads & Jams",https://rasanmart.com/product-category/16,275,,https://rasanmart.com/images/backend_images/products/small/87779.jpeg,https://rasanmart.com/product-details/3240,True,7
3236,521 Royal Basmati Rice 20kg (Free Gift Inside),34,Rice & Rice Products,https://rasanmart.com/product-category/34,3450,3700,https://rasanmart.com/images/backend_images/products/small/29200.jpeg,https://rasanmart.com/product-details/3236,True,7
3235,521 Royal Basmati Rice 5kg,34,Rice & Rice Products,https://rasanmart.com/product-category/34,899,985,https://rasanmart.com/images/backend_images/products/small/37090.jpeg,https://rasanmart.com/product-details/3235,True,7
3234,Patanjali Dant Kanti 200gm+100gm+Soap Free,76,Health & Safety,https://rasanmart.com/product-category/76,240,,https://rasanmart.com/images/backend_images/products/small/70572.jpeg,https://rasanmart.com/product-details/3234,True,7
3231,Berlino Hot and Sour Soup 45gm,11,Energy & Health,https://rasanmart.com/product-category/11,95,100,https://rasanmart.com/images/backend_images/products/small/85034.jpeg,https://rasanmart.com/product-details/3231,True,8
3230,Himalaya Neem & Turmeric Soap 125gm (B3G1) Free,76,Health & Safety,https://rasanmart.com/product-category/76,307,,https://rasanmart.com/images/backend_images/products/small/13443.jpeg,https://rasanmart.com/product-details/3230,True,8
3228,Gass Trolly Round,92,Kitchen  & Home Appliances,https://rasanmart.com/product-category/92,380,,https://rasanmart.com/images/backend_images/products/small/1542.jpeg,https://rasanmart.com/product-details/3228,True,8
3222,SS Lemon Squeezer,92,Kitchen  & Home Appliances,https://rasanmart.com/product-category/92,365,,https://rasanmart.com/images/backend_images/products/small/73636.jpeg,https://rasanmart.com/product-details/3222,True,8
3221,Gas Lighter Flair Green,92,Kitchen  & Home Appliances,https://rasanmart.com/product-category/92,235,,https://rasanmart.com/images/backend_images/products/small/41363.jpeg,https://rasanmart.com/product-details/3221,True,8
3220,Gas Lighter Aristo Purpal,92,Kitchen  & Home Appliances,https://rasanmart.com/product-category/92,275,,https://rasanmart.com/images/backend_images/products/small/92722.jpeg,https://rasanmart.com/product-details/3220,True,8
3216,Lifebuoy Lemon Fresh 100gm,88,Household,https://rasanmart.com/product-category/88,45,,https://rasanmart.com/images/backend_images/products/small/39458.jpeg,https://rasanmart.com/product-details/3216,True,8
3215,Nilon's Red Chilli Sauce 180gm,16,"Ketchup, Spreads & Jams",https://rasanmart.com/product-category/16,110,,https://rasanmart.com/images/backend_images/products/small/52814.jpeg,https://rasanmart.com/product-details/3215,True,8
3214,Nischal Masala Tea 500gm,15,"Tea, Coffee & Beverage",https://rasanmart.com/product-category/15,295,325,https://rasanmart.com/images/backend_images/products/small/4607.jpeg,https://rasanmart.com/product-details/3214,True,8
3213,Hit Spray Black 625ml,76,Health & Safety,https://rasanmart.com/product-category/76,520,,https://rasanmart.com/images/backend_images/products/small/35286.jpeg,https://rasanmart.com/product-details/3213,True,8
3212,Hit Spray Red 625ml,76,Health & Safety,https://rasanmart.com/product-category/76,416,,https://rasanmart.com/images/backend_images/products/small/14799.jpeg,https://rasanmart.com/product-details/3212,True,8
3211,Sitaram's Pure Ghee 500ml,12,Cooking Oil & Ghee,https://rasanmart.com/product-category/12,645,660,https://rasanmart.com/images/backend_images/products/small/18226.jpeg,https://rasanmart.com/product-details/3211,True,8
3210,Rin Surf 5kg,88,Household,https://rasanmart.com/product-category/88,899,,https://rasanmart.com/images/backend_images/products/small/61545.jpeg,https://rasanmart.com/product-details/3210,True,8
3207,Jwano Victory 100gm,9,Masala & Spices,https://rasanmart.com/product-category/9,75,,https://rasanmart.com/images/backend_images/products/small/31455.jpeg,https://rasanmart.com/product-details/3207,True,8
3205,Dr. Oetker Veg Mayonnaise 1kg,51,Dairy & Bakery Products,https://rasanmart.com/product-category/51,350,,https://rasanmart.com/images/backend_images/products/small/3881.jpeg,https://rasanmart.com/product-details/3205,True,8
3202,Bhanbhori Pitted Black Olives 330gm,12,Cooking Oil & Ghee,https://rasanmart.com/product-category/12,425,,https://rasanmart.com/images/backend_images/products/small/2858.jpg,https://rasanmart.com/product-details/3202,True,8
3199,Boost Box 500gm,11,Energy & Health,https://rasanmart.com/product-category/11,406,,https://rasanmart.com/images/backend_images/products/small/22108.jpg,https://rasanmart.com/product-details/3199,True,8
3196,Khajuriko Daily Xpress Whitener 400gm,15,"Tea, Coffee & Beverage",https://rasanmart.com/product-category/15,380,,https://rasanmart.com/images/backend_images/products/small/26395.jpg,https://rasanmart.com/product-details/3196,True,8
3181,Patanjali Sun Screen Cream SPF 50++,86,Personal Care,https://rasanmart.com/product-category/86,349,,https://rasanmart.com/images/backend_images/products/small/59842.png,https://rasanmart.com/product-details/3181,True,8
3160,BMC kasoori Methi 25gm,9,Masala & Spices,https://rasanmart.com/product-category/9,70,,https://rasanmart.com/images/backend_images/products/small/82760.png,https://rasanmart.com/product-details/3160,True,8
3156,Khajurico Atta Cookies 150gm,20,Biscuit & Cookies,https://rasanmart.com/product-category/20,60,,https://rasanmart.com/images/backend_images/products/small/82001.jpg,https://rasanmart.com/product-details/3156,True,9
3155,Century Chatpate Masala 50gm,9,Masala & Spices,https://rasanmart.com/product-category/9,65,,https://rasanmart.com/images/backend_images/products/small/37518.jpg,https://rasanmart.com/product-details/3155,True,9
3144,DDC Mozzarella Cheese 500gm,51,Dairy & Bakery Products,https://rasanmart.com/product-category/51,499,,https://rasanmart.com/images/backend_images/products/small/73113.png,https://rasanmart.com/product-details/3144,True,9
3143,Himalaya Gentle Baby Shampoo 200ml,87,Baby Care,https://rasanmart.com/product-category/87,352,,https://rasanmart.com/images/backend_images/products/small/72843.png,https://rasanmart.com/product-details/3143,True,9
3142,Henko Matic Liquid Frontload 1Ltr,88,Household,https://rasanmart.com/product-category/88,448,,https://rasanmart.com/images/backend_images/products/small/1934.png,https://rasanmart.com/product-details/3142,True,9
3141,Henko Matic Liquid Frontload 2Ltr,88,Household,https://rasanmart.com/product-category/88,832,,https://rasanmart.com/images/backend_images/products/small/30013.png,https://rasanmart.com/product-details/3141,True,9
3140,Nutriplus Sunflower Oil 1Ltr,12,Cooking Oil & Ghee,https://rasanmart.com/product-category/12,289,320,https://rasanmart.com/images/backend_images/products/small/95569.png,https://rasanmart.com/product-details/3140,True,9
3137,India Gate Premium Basmati Rice 20kg,34,Rice & Rice Products,https://rasanmart.com/product-category/34,3575,4151,https://rasanmart.com/images/backend_images/products/small/15564.png,https://rasanmart.com/product-details/3137,True,9
3136,Kodomo Children's Toothpaste Orange flavour 40gm,87,Baby Care,https://rasanmart.com/product-category/87,172,,https://rasanmart.com/images/backend_images/products/small/10161.png,https://rasanmart.com/product-details/3136,True,9
3135,Borges Sunflower Oil 5Ltr,12,Cooking Oil & Ghee,https://rasanmart.com/product-category/12,2625,,https://rasanmart.com/images/backend_images/products/small/28399.png,https://rasanmart.com/product-details/3135,True,9
3133,Rasna Orange 1Kg,15,"Tea, Coffee & Beverage",https://rasanmart.com/product-category/15,640,715,https://rasanmart.com/images/backend_images/products/small/39614.png,https://rasanmart.com/product-details/3133,True,9
3132,Rasna Pineapple 400gm,15,"Tea, Coffee & Beverage",https://rasanmart.com/product-category/15,250,,https://rasanmart.com/images/backend_images/products/small/16695.png,https://rasanmart.com/product-details/3132,True,9
3121,Patanjali Honey 1kg,11,Energy & Health,https://rasanmart.com/product-category/11,800,,https://rasanmart.com/images/backend_images/products/small/32826.png,https://rasanmart.com/product-details/3121,True,9
3120,Jordan Toothbrush Soft,88,Household,https://rasanmart.com/product-category/88,72,,https://rasanmart.com/images/backend_images/products/small/35448.png,https://rasanmart.com/product-details/3120,True,9
3119,Khajurico Vita Milk Biscuits 25gm,20,Biscuit & Cookies,https://rasanmart.com/product-category/20,10,,https://rasanmart.com/images/backend_images/products/small/54156.png,https://rasanmart.com/product-details/3119,True,9
3118,Khajurico Peanut Cookies 150gm,20,Biscuit & Cookies,https://rasanmart.com/product-category/20,60,,https://rasanmart.com/images/backend_images/products/small/44038.png,https://rasanmart.com/product-details/3118,True,9
3117,Patanjali Herbal Wash 1Kg,88,Household,https://rasanmart.com/product-category/88,100,,https://rasanmart.com/images/backend_images/products/small/20159.png,https://rasanmart.com/product-details/3117,True,9
3116,Khajurico Quminie Cookies 150gm,20,Biscuit & Cookies,https://rasanmart.com/product-category/20,60,,https://rasanmart.com/images/backend_images/products/small/11377.png,https://rasanmart.com/product-details/3116,True,9
3113,Kissan Mango Jam 490gm,16,"Ketchup, Spreads & Jams",https://rasanmart.com/product-category/16,336,,https://rasanmart.com/images/backend_images/products/small/84262.png,https://rasanmart.com/product-details/3113,True,9
3112,Jau Atta 500gm,35,"Atta, Maida & Suji",https://rasanmart.com/product-category/35,90,,https://rasanmart.com/images/backend_images/products/small/33446.png,https://rasanmart.com/product-details/3112,True,9
3110,Khajurico Dalmoth 400gm,52,Snacks & Sweets,https://rasanmart.com/product-category/52,150,,https://rasanmart.com/images/backend_images/products/small/52952.png,https://rasanmart.com/product-details/3110,True,10
3109,HellManns Mayonnaise 250gm,16,"Ketchup, Spreads & Jams",https://rasanmart.com/product-category/16,250,,https://rasanmart.com/images/backend_images/products/small/99885.png,https://rasanmart.com/product-details/3109,True,10
3108,BMC Chat Masala 100gm,9,Masala & Spices,https://rasanmart.com/product-category/9,110,,https://rasanmart.com/images/backend_images/products/small/96249.png,https://rasanmart.com/product-details/3108,True,10
3107,Khajurico Butter Cookies 150gm,20,Biscuit & Cookies,https://rasanmart.com/product-category/20,60,,https://rasanmart.com/images/backend_images/products/small/62452.png,https://rasanmart.com/product-details/3107,True,10
3106,Khajurico Coconut Cookies 150gm,20,Biscuit & Cookies,https://rasanmart.com/product-category/20,60,,https://rasanmart.com/images/backend_images/products/small/38613.png,https://rasanmart.com/product-details/3106,True,10
3102,Jordan Toothbrush Hard,88,Household,https://rasanmart.com/product-category/88,75,,https://rasanmart.com/images/backend_images/products/small/14221.png,https://rasanmart.com/product-details/3102,True,10
3100,Veeba Mayonnaise Garlic 250gm,16,"Ketchup, Spreads & Jams",https://rasanmart.com/product-category/16,260,,https://rasanmart.com/images/backend_images/products/small/64815.png,https://rasanmart.com/product-details/3100,True,10
3099,Veeba Sandwich Spread Cheese and Chilli 250gm,16,"Ketchup, Spreads & Jams",https://rasanmart.com/product-category/16,275,,https://rasanmart.com/images/backend_images/products/small/48017.png,https://rasanmart.com/product-details/3099,True,10
3097,Ashiyana Blue Label Rice 20Kg,34,Rice & Rice Products,https://rasanmart.com/product-category/34,3250,,https://rasanmart.com/images/backend_images/products/small/37715.png,https://rasanmart.com/product-details/3097,True,10
3096,Baygon Spray 400ml,88,Household,https://rasanmart.com/product-category/88,360,,https://rasanmart.com/images/backend_images/products/small/30550.png,https://rasanmart.com/product-details/3096,True,10
3095,Victory Himalaya Rock Salt 500gm,14,Sugar & Salt,https://rasanmart.com/product-category/14,75,,https://rasanmart.com/images/backend_images/products/small/14583.png,https://rasanmart.com/product-details/3095,True,10
3093,Annapurna Saunf 100gm,9,Masala & Spices,https://rasanmart.com/product-category/9,57,,https://rasanmart.com/images/backend_images/products/small/22301.png,https://rasanmart.com/product-details/3093,True,10
3088,Patanjali Honey 500gm,91,Grocery,https://rasanmart.com/product-category/91,425,,https://rasanmart.com/images/backend_images/products/small/33242.png,https://rasanmart.com/product-details/3088,True,10
3087,Sunsilk Onion & Jajoba Shampoo 700ml,86,Personal Care,https://rasanmart.com/product-category/86,750,760,https://rasanmart.com/images/backend_images/products/small/94724.png,https://rasanmart.com/product-details/3087,True,10
3084,Dove Shampoo Hair Fall Rescue 625ml,86,Personal Care,https://rasanmart.com/product-category/86,735,745,https://rasanmart.com/images/backend_images/products/small/1087.png,https://rasanmart.com/product-details/3084,True,10
3074,Ashiyana Tohfa Basmati Rice 20Kg,34,Rice & Rice Products,https://rasanmart.com/product-category/34,3690,4140,https://rasanmart.com/images/backend_images/products/small/46487.png,https://rasanmart.com/product-details/3074,True,10
3073,Colgate kids brush 0-2,87,Baby Care,https://rasanmart.com/product-category/87,48,,https://rasanmart.com/images/backend_images/products/small/97650.png,https://rasanmart.com/product-details/3073,True,10
3072,Colgate kids brush 2+,87,Baby Care,https://rasanmart.com/product-category/87,48,,https://rasanmart.com/images/backend_images/products/small/88439.png,https://rasanmart.com/product-details/3072,True,10
3071,Nature Chilli Flakes 70gm,9,Masala & Spices,https://rasanmart.com/product-category/9,165,,https://rasanmart.com/images/backend_images/products/small/33747.png,https://rasanmart.com/product-details/3071,True,10
3070,Anmol Besan 500gm,91,Grocery,https://rasanmart.com/product-category/91,130,160,https://rasanmart.com/images/backend_images/products/small/70813.png,https://rasanmart.com/product-details/3070,True,10
3069,Haldiram's Mexilla Flamin' Hot Sizzling Spicy Chips,52,Snacks & Sweets,https://rasanmart.com/product-category/52,65,,https://rasanmart.com/images/backend_images/products/small/98260.png,https://rasanmart.com/product-details/3069,True,11
3059,Sitaram's Pure Ghee 1Ltr,12,Cooking Oil & Ghee,https://rasanmart.com/product-category/12,1290,1300,https://rasanmart.com/images/backend_images/products/small/7377.png,https://rasanmart.com/product-details/3059,True,11
3056,Bisk Farm Top Herbs 200gm,20,Biscuit & Cookies,https://rasanmart.com/product-category/20,100,,https://rasanmart.com/images/backend_images/products/small/70274.png,https://rasanmart.com/product-details/3056,True,11
3044,Kaccha Dhago,89,Puja Essentials,https://rasanmart.com/product-category/89,30,,https://rasanmart.com/images/backend_images/products/small/72755.png,https://rasanmart.com/product-details/3044,True,11
3039,Divella Penne Pasta 500gm,31,Noodles & Pasta,https://rasanmart.com/product-category/31,325,,https://rasanmart.com/images/backend_images/products/small/66600.png,https://rasanmart.com/product-details/3039,True,11
3038,Britannia Little Hearts 75gm,20,Biscuit & Cookies,https://rasanmart.com/product-category/20,65,,https://rasanmart.com/images/backend_images/products/small/48635.png,https://rasanmart.com/product-details/3038,True,11
3037,Veeba Select Creamy Caesar Dressing 300gm,16,"Ketchup, Spreads & Jams",https://rasanmart.com/product-category/16,390,,https://rasanmart.com/images/backend_images/products/small/61578.png,https://rasanmart.com/product-details/3037,True,11
3036,Newari Shahi Pulao Basmati Rice 5kg,34,Rice & Rice Products,https://rasanmart.com/product-category/34,1050,1095,https://rasanmart.com/images/backend_images/products/small/75960.png,https://rasanmart.com/product-details/3036,True,11
3034,Horlicks Jar 500gm,15,"Tea, Coffee & Beverage",https://rasanmart.com/product-category/15,445,,https://rasanmart.com/images/backend_images/products/small/91356.png,https://rasanmart.com/product-details/3034,True,11
3033,Horlicks Jar 1Kg,15,"Tea, Coffee & Beverage",https://rasanmart.com/product-category/15,860,,https://rasanmart.com/images/backend_images/products/small/61235.png,https://rasanmart.com/product-details/3033,True,11
3025,Patanjali Honey 250gm,91,Grocery,https://rasanmart.com/product-category/91,199,,https://rasanmart.com/images/backend_images/products/small/90424.png,https://rasanmart.com/product-details/3025,True,11
3022,Golden Tower Mushroom (Whole) 400gm,90,Frozen Foods,https://rasanmart.com/product-category/90,140,,https://rasanmart.com/images/backend_images/products/small/19689.png,https://rasanmart.com/product-details/3022,True,11
3021,Rasna Lemon 1Kg,15,"Tea, Coffee & Beverage",https://rasanmart.com/product-category/15,640,735,https://rasanmart.com/images/backend_images/products/small/71036.png,https://rasanmart.com/product-details/3021,True,11
3020,Patanjali Kesh Kanti Shikakai Hair Cleanser 450ml,86,Personal Care,https://rasanmart.com/product-category/86,330,,https://rasanmart.com/images/backend_images/products/small/2358.png,https://rasanmart.com/product-details/3020,True,11
3014,Jau Chyakla 500gm,35,"Atta, Maida & Suji",https://rasanmart.com/product-category/35,100,,https://rasanmart.com/images/backend_images/products/small/87285.png,https://rasanmart.com/product-details/3014,True,11
3012,Dranex Drain Cleaner 375gm,88,Household,https://rasanmart.com/product-category/88,320,,https://rasanmart.com/images/backend_images/products/small/14169.png,https://rasanmart.com/product-details/3012,True,11
3011,Patanjali Kesh Kanti Reetha Hair Cleanser 450ml,86,Personal Care,https://rasanmart.com/product-category/86,350,,https://rasanmart.com/images/backend_images/products/small/50941.png,https://rasanmart.com/product-details/3011,True,11
3010,Patanjali Kesh Kanti Aloevera 450ml,86,Personal Care,https://rasanmart.com/product-category/86,310,,https://rasanmart.com/images/backend_images/products/small/96056.png,https://rasanmart.com/product-details/3010,True,11
3007,Comfort Fabric Conditioner Lily Morning Fresh 860ml,88,Household,https://rasanmart.com/product-category/88,375,,https://rasanmart.com/images/backend_images/products/small/18001.png,https://rasanmart.com/product-details/3007,True,11
3006,Patanjali Mustard Oil 5Ltr,12,Cooking Oil & Ghee,https://rasanmart.com/product-category/12,1800,,https://rasanmart.com/images/backend_images/products/small/40664.png,https://rasanmart.com/product-details/3006,True,11
3005,Methi Victory 500gm,9,Masala & Spices,https://rasanmart.com/product-category/9,195,240,https://rasanmart.com/images/backend_images/products/small/57085.png,https://rasanmart.com/product-details/3005,True,12
3003,Johnson's Baby Cream 100gm,87,Baby Care,https://rasanmart.com/product-category/87,344,,https://rasanmart.com/images/backend_images/products/small/1383.png,https://rasanmart.com/product-details/3003,True,12
3002,Johnson's Baby Hair Oil 100ml,87,Baby Care,https://rasanmart.com/product-category/87,241,,https://rasanmart.com/images/backend_images/products/small/53022.png,https://rasanmart.com/product-details/3002,True,12
3000,Sona Steam 25Kg,34,Rice & Rice Products,https://rasanmart.com/product-category/34,1850,2000,https://rasanmart.com/images/backend_images/products/small/72515.jpeg,https://rasanmart.com/product-details/3000,True,12
2999,Druk Tomato Ketchup 500gm,16,"Ketchup, Spreads & Jams",https://rasanmart.com/product-category/16,190,,https://rasanmart.com/images/backend_images/products/small/34892.png,https://rasanmart.com/product-details/2999,True,12
2998,Horlicks Lite 450gm,11,Energy & Health,https://rasanmart.com/product-category/11,568,,https://rasanmart.com/images/backend_images/products/small/5991.png,https://rasanmart.com/product-details/2998,True,12
2997,Kodo Ko Pitho 500gm,35,"Atta, Maida & Suji",https://rasanmart.com/product-category/35,70,,https://rasanmart.com/images/backend_images/products/small/61253.png,https://rasanmart.com/product-details/2997,True,12
2996,Taichin Chamal Ko Pitho 500gm,35,"Atta, Maida & Suji",https://rasanmart.com/product-category/35,100,,https://rasanmart.com/images/backend_images/products/small/85522.png,https://rasanmart.com/product-details/2996,True,12
2995,Mix Dal 500gm,10,Dal & Pulses,https://rasanmart.com/product-category/10,105,,https://rasanmart.com/images/backend_images/products/small/54975.png,https://rasanmart.com/product-details/2995,True,12
2993,Mahalaxmi Chakki Atta 5kg,35,"Atta, Maida & Suji",https://rasanmart.com/product-category/35,425,470,https://rasanmart.com/images/backend_images/products/small/6953.png,https://rasanmart.com/product-details/2993,True,12
2992,Mahalaxmi Chakki Atta 2kg,35,"Atta, Maida & Suji",https://rasanmart.com/product-category/35,185,200,https://rasanmart.com/images/backend_images/products/small/41882.png,https://rasanmart.com/product-details/2992,True,12
2991,Nauni (Cream) 1Kg,12,Cooking Oil & Ghee,https://rasanmart.com/product-category/12,775,850,https://rasanmart.com/images/backend_images/products/small/62113.png,https://rasanmart.com/product-details/2991,False,12
2988,Henko Matic Front Load 4Kg +2 Kg,88,Household,https://rasanmart.com/product-category/88,2480,,https://rasanmart.com/images/backend_images/products/small/18239.png,https://rasanmart.com/product-details/2988,True,12
2987,Haldiram's Kashmiri Mixture 400gm,52,Snacks & Sweets,https://rasanmart.com/product-category/52,454,,https://rasanmart.com/images/backend_images/products/small/19922.png,https://rasanmart.com/product-details/2987,True,12
2986,Patanjali Saundarya Neem Tulsi Facewash 100gm,86,Personal Care,https://rasanmart.com/product-category/86,175,,https://rasanmart.com/images/backend_images/products/small/92389.png,https://rasanmart.com/product-details/2986,True,12
2981,Haldiram's Panchrattan 400gm,52,Snacks & Sweets,https://rasanmart.com/product-category/52,550,,https://rasanmart.com/images/backend_images/products/small/39723.png,https://rasanmart.com/product-details/2981,True,12
2976,Patanjali Super Dishwash Tub 500gm,88,Household,https://rasanmart.com/product-category/88,90,,https://rasanmart.com/images/backend_images/products/small/75973.png,https://rasanmart.com/product-details/2976,True,12
2975,DDC Paneer 200gm,91,Grocery,https://rasanmart.com/product-category/91,165,,https://rasanmart.com/images/backend_images/products/small/46666.png,https://rasanmart.com/product-details/2975,True,12
2974,Spartan Pani Puri 150gm,91,Grocery,https://rasanmart.com/product-category/91,65,70,https://rasanmart.com/images/backend_images/products/small/32134.png,https://rasanmart.com/product-details/2974,True,12
2972,Pista 500gm,8,Dry Fruits,https://rasanmart.com/product-category/8,1450,,https://rasanmart.com/images/backend_images/products/small/13805.png,https://rasanmart.com/product-details/2972,True,12
2971,Pista 200gm,8,Dry Fruits,https://rasanmart.com/product-category/8,570,,https://rasanmart.com/images/backend_images/products/small/46620.png,https://rasanmart.com/product-details/2971,True,13
2970,Ramailo Wheat Geda Sortex 25Kg,91,Grocery,https://rasanmart.com/product-category/91,1850,2100,https://rasanmart.com/images/backend_images/products/small/33943.png,https://rasanmart.com/product-details/2970,True,13
2969,Harpic 5ltr,88,Household,https://rasanmart.com/product-category/88,1590,1598,https://rasanmart.com/images/backend_images/products/small/20614.png,https://rasanmart.com/product-details/2969,True,13
2968,Sunlee Coconut Milk 400ml,91,Grocery,https://rasanmart.com/product-category/91,285,,https://rasanmart.com/images/backend_images/products/small/7575.png,https://rasanmart.com/product-details/2968,True,13
2963,Okhar Giri 500gm,8,Dry Fruits,https://rasanmart.com/product-category/8,675,,https://rasanmart.com/images/backend_images/products/small/23259.png,https://rasanmart.com/product-details/2963,True,13
2962,Gyan Premium Brown Rice 1Kg,34,Rice & Rice Products,https://rasanmart.com/product-category/34,325,,https://rasanmart.com/images/backend_images/products/small/79558.png,https://rasanmart.com/product-details/2962,True,13
2960,Patanjali Chyawnprash 1Kg,11,Energy & Health,https://rasanmart.com/product-category/11,600,,https://rasanmart.com/images/backend_images/products/small/63568.png,https://rasanmart.com/product-details/2960,True,13
2959,Rayo Victory 500gm,91,Grocery,https://rasanmart.com/product-category/91,190,240,https://rasanmart.com/images/backend_images/products/small/14769.png,https://rasanmart.com/product-details/2959,True,13
2953,Salai Kanchanjunga,89,Puja Essentials,https://rasanmart.com/product-category/89,2.5,,https://rasanmart.com/images/backend_images/products/small/6954.png,https://rasanmart.com/product-details/2953,True,13
2951,Jwano Victory 500gm,91,Grocery,https://rasanmart.com/product-category/91,395,508,https://rasanmart.com/images/backend_images/products/small/22994.png,https://rasanmart.com/product-details/2951,True,13
2950,Parachute Coco Soul 100% Cold pressed Virgin Coconut Oil 500ml,86,Personal Care,https://rasanmart.com/product-category/86,825,,https://rasanmart.com/images/backend_images/products/small/80272.png,https://rasanmart.com/product-details/2950,True,13
2949,Parachute Advanced 100% Extra Virgin Coconut Oil for skin 200ml,86,Personal Care,https://rasanmart.com/product-category/86,500,,https://rasanmart.com/images/backend_images/products/small/83230.png,https://rasanmart.com/product-details/2949,True,13
2948,Parachute Advanced Aloe Vera Enriced Coconut Hair oil 250ml,86,Personal Care,https://rasanmart.com/product-category/86,211,,https://rasanmart.com/images/backend_images/products/small/80839.png,https://rasanmart.com/product-details/2948,True,13
2947,Parachute Advanced Hairfall Control Onion & Coconut milk,86,Personal Care,https://rasanmart.com/product-category/86,410,,https://rasanmart.com/images/backend_images/products/small/45042.png,https://rasanmart.com/product-details/2947,True,13
2946,Mediker Lice Treatment Shampoo 50ml,86,Personal Care,https://rasanmart.com/product-category/86,80,,https://rasanmart.com/images/backend_images/products/small/96469.png,https://rasanmart.com/product-details/2946,True,13
2942,Bhatmas Kalo 500gm,10,Dal & Pulses,https://rasanmart.com/product-category/10,120,,https://rasanmart.com/images/backend_images/products/small/83042.png,https://rasanmart.com/product-details/2942,True,13
2941,Bhatmas Khairo 500gm,10,Dal & Pulses,https://rasanmart.com/product-category/10,113,,https://rasanmart.com/images/backend_images/products/small/69669.png,https://rasanmart.com/product-details/2941,True,13
2940,Gyan Soaltee Jeera Masino Rice 25kg,34,Rice & Rice Products,https://rasanmart.com/product-category/34,2250,2600,https://rasanmart.com/images/backend_images/products/small/67318.png,https://rasanmart.com/product-details/2940,True,13
2939,Dhoni Soap Gold 4 pcs set,88,Household,https://rasanmart.com/product-category/88,205,230,https://rasanmart.com/images/backend_images/products/small/60191.png,https://rasanmart.com/product-details/2939,True,13
2938,Gyan Premium 20kg,34,Rice & Rice Products,https://rasanmart.com/product-category/34,3090,3450,https://rasanmart.com/images/backend_images/products/small/58059.png,https://rasanmart.com/product-details/2938,True,13
2937,Gyan Premium 5Kg,34,Rice & Rice Products,https://rasanmart.com/product-category/34,850,,https://rasanmart.com/images/backend_images/products/small/61503.png,https://rasanmart.com/product-details/2937,True,14
2936,Almonds 200gm,8,Dry Fruits,https://rasanmart.com/product-category/8,338,,https://rasanmart.com/images/backend_images/products/small/32905.png,https://rasanmart.com/product-details/2936,True,14
2935,Almonds 500gm,8,Dry Fruits,https://rasanmart.com/product-category/8,845,,https://rasanmart.com/images/backend_images/products/small/671.png,https://rasanmart.com/product-details/2935,True,14
2934,Parle G Gold 200gm,20,Biscuit & Cookies,https://rasanmart.com/product-category/20,50,,https://rasanmart.com/images/backend_images/products/small/65397.png,https://rasanmart.com/product-details/2934,True,14
2933,Kismis 200gm,8,Dry Fruits,https://rasanmart.com/product-category/8,130,,https://rasanmart.com/images/backend_images/products/small/25710.png,https://rasanmart.com/product-details/2933,True,14
2932,Kismis 500gm,8,Dry Fruits,https://rasanmart.com/product-category/8,325,,https://rasanmart.com/images/backend_images/products/small/68527.png,https://rasanmart.com/product-details/2932,True,14
2931,Kaju Medium 200gm,8,Dry Fruits,https://rasanmart.com/product-category/8,450,540,https://rasanmart.com/images/backend_images/products/small/50683.png,https://rasanmart.com/product-details/2931,True,14
2930,Kaju Medium 500gm,8,Dry Fruits,https://rasanmart.com/product-category/8,1100,1350,https://rasanmart.com/images/backend_images/products/small/35691.png,https://rasanmart.com/product-details/2930,True,14
2929,Veeba Pasta and Pizza Sauce 280gm (No onion / Garlic),16,"Ketchup, Spreads & Jams",https://rasanmart.com/product-category/16,400,,https://rasanmart.com/images/backend_images/products/small/56808.png,https://rasanmart.com/product-details/2929,True,14
2928,Fortune Kitchen Towel 2 in 1 Combo,88,Household,https://rasanmart.com/product-category/88,235,245,https://rasanmart.com/images/backend_images/products/small/41121.png,https://rasanmart.com/product-details/2928,True,14
2926,Socks 14 pcs Set,88,Household,https://rasanmart.com/product-category/88,1400,,https://rasanmart.com/images/backend_images/products/small/45907.png,https://rasanmart.com/product-details/2926,True,14
2925,Hand Towel 70cm X 30cm (14 pcs set),88,Household,https://rasanmart.com/product-category/88,2100,,https://rasanmart.com/images/backend_images/products/small/88246.png,https://rasanmart.com/product-details/2925,True,14
2924,Hanky 30cm X 30cm (14 pcs set),88,Household,https://rasanmart.com/product-category/88,650,,https://rasanmart.com/images/backend_images/products/small/6894.png,https://rasanmart.com/product-details/2924,True,14
2923,Red and Black Plate Unbreakable 10 Inch (14 pcs set),92,Kitchen  & Home Appliances,https://rasanmart.com/product-category/92,2000,,https://rasanmart.com/images/backend_images/products/small/21621.png,https://rasanmart.com/product-details/2923,True,14
2922,Electric Hot Bag (Silky) 14pcs Set,92,Kitchen  & Home Appliances,https://rasanmart.com/product-category/92,3100,,https://rasanmart.com/images/backend_images/products/small/65835.png,https://rasanmart.com/product-details/2922,True,14
2921,Jeera Geda 100gm,9,Masala & Spices,https://rasanmart.com/product-category/9,60,63,https://rasanmart.com/images/backend_images/products/small/61782.jpg,https://rasanmart.com/product-details/2921,True,14
2919,Rayo S.M. 100gm,9,Masala & Spices,https://rasanmart.com/product-category/9,32,35,https://rasanmart.com/images/backend_images/products/small/24641.jpeg,https://rasanmart.com/product-details/2919,True,14
2914,Anmol Mix Masala 500gm,9,Masala & Spices,https://rasanmart.com/product-category/9,375,385,https://rasanmart.com/images/backend_images/products/small/92874.png,https://rasanmart.com/product-details/2914,True,14
2902,Chokho Makai Ko Pitho 1Kg,35,"Atta, Maida & Suji",https://rasanmart.com/product-category/35,90,,https://rasanmart.com/images/backend_images/products/small/57877.png,https://rasanmart.com/product-details/2902,True,14
2901,Chokho Kodo ko Pitho 500g,35,"Atta, Maida & Suji",https://rasanmart.com/product-category/35,70,,https://rasanmart.com/images/backend_images/products/small/87714.png,https://rasanmart.com/product-details/2901,True,14
2900,Chokho Mix Dal 1Kg,91,Grocery,https://rasanmart.com/product-category/91,210,,https://rasanmart.com/images/backend_images/products/small/60934.png,https://rasanmart.com/product-details/2900,True,15
2895,Bajra khichdi 500gm,91,Grocery,https://rasanmart.com/product-category/91,200,,https://rasanmart.com/images/backend_images/products/small/12803.png,https://rasanmart.com/product-details/2895,True,15
2891,Bura (Sugar Powder) 500gm,91,Grocery,https://rasanmart.com/product-category/91,130,,https://rasanmart.com/images/backend_images/products/small/81555.png,https://rasanmart.com/product-details/2891,True,15
2890,Motoso Electric Hot Bag (Silky),86,Personal Care,https://rasanmart.com/product-category/86,250,,https://rasanmart.com/images/backend_images/products/small/32990.png,https://rasanmart.com/product-details/2890,True,15
2887,Sugar 1kg,14,Sugar & Salt,https://rasanmart.com/product-category/14,110,,https://rasanmart.com/images/backend_images/products/small/42470.jpg,https://rasanmart.com/product-details/2887,True,15
2885,Tokla Tea 1kg,15,"Tea, Coffee & Beverage",https://rasanmart.com/product-category/15,585,590,https://rasanmart.com/images/backend_images/products/small/67707.jpg,https://rasanmart.com/product-details/2885,True,15
2884,Fortune Sunflower Oil 1ltr,12,Cooking Oil & Ghee,https://rasanmart.com/product-category/12,399,410,https://rasanmart.com/images/backend_images/products/small/30365.jpg,https://rasanmart.com/product-details/2884,False,15
2883,Fortune Refine Mustard Oil 1Ltr Bottle,12,Cooking Oil & Ghee,https://rasanmart.com/product-category/12,415,425,https://rasanmart.com/images/backend_images/products/small/69911.jpg,https://rasanmart.com/product-details/2883,False,15
2881,Musuro Dal (Thulo) 1kg,10,Dal & Pulses,https://rasanmart.com/product-category/10,152,,https://rasanmart.com/images/backend_images/products/small/5638.jpg,https://rasanmart.com/product-details/2881,True,15
2879,Newari Shahi Pulao Basmati Rice 20kg,34,Rice & Rice Products,https://rasanmart.com/product-category/34,3725,3895,https://rasanmart.com/images/backend_images/products/small/98533.jpg,https://rasanmart.com/product-details/2879,True,15
2878,Swastik Soyabean 1Ltr,12,Cooking Oil & Ghee,https://rasanmart.com/product-category/12,285,294,https://rasanmart.com/images/backend_images/products/small/5978.png,https://rasanmart.com/product-details/2878,True,15
2876,DDC Ghee 1ltr,12,Cooking Oil & Ghee,https://rasanmart.com/product-category/12,1250,,https://rasanmart.com/images/backend_images/products/small/3791.jpg,https://rasanmart.com/product-details/2876,True,15
2874,Aarati Premium Rice 20kg,34,Rice & Rice Products,https://rasanmart.com/product-category/34,3675,4220,https://rasanmart.com/images/backend_images/products/small/83352.png,https://rasanmart.com/product-details/2874,True,15
2873,Harpal Indian Rich Rice 20Kg,34,Rice & Rice Products,https://rasanmart.com/product-category/34,3399,3600,https://rasanmart.com/images/backend_images/products/small/90294.jpg,https://rasanmart.com/product-details/2873,True,15
2872,Meizan Sunflower oil Bottle 5ltr,12,Cooking Oil & Ghee,https://rasanmart.com/product-category/12,2550,2700,https://rasanmart.com/images/backend_images/products/small/31596.jpg,https://rasanmart.com/product-details/2872,True,15
2871,Dhara Mustard Oil 1ltr,12,Cooking Oil & Ghee,https://rasanmart.com/product-category/12,384,420,https://rasanmart.com/images/backend_images/products/small/79364.png,https://rasanmart.com/product-details/2871,True,15
2870,Dhara Health Sunflower Oil 1Ltr,12,Cooking Oil & Ghee,https://rasanmart.com/product-category/12,329,342,https://rasanmart.com/images/backend_images/products/small/24474.jpg,https://rasanmart.com/product-details/2870,True,15
2869,Thakali Long Grain Rice 20kg,34,Rice & Rice Products,https://rasanmart.com/product-category/34,3450,3700,https://rasanmart.com/images/backend_images/products/small/93635.jpg,https://rasanmart.com/product-details/2869,True,15
2868,Bhansaghar Premium Long Grain Rice 20kg,34,Rice & Rice Products,https://rasanmart.com/product-category/34,3575,3975,https://rasanmart.com/images/backend_images/products/small/42751.jpg,https://rasanmart.com/product-details/2868,True,15
2867,Hulas Premium Basmati Rice 20Kg,34,Rice & Rice Products,https://rasanmart.com/product-category/34,3190,3580,https://rasanmart.com/images/backend_images/products/small/17618.jpg,https://rasanmart.com/product-details/2867,True,15
2826,V series Ghari 4kg (Free bucket),88,Household,https://rasanmart.com/product-category/88,650,,https://rasanmart.com/images/backend_images/products/small/10525.png,https://rasanmart.com/product-details/2826,True,16
2825,Spartan Veg Chowmein 350gm,31,Noodles & Pasta,https://rasanmart.com/product-category/31,85,,https://rasanmart.com/images/backend_images/products/small/36368.png,https://rasanmart.com/product-details/2825,False,16
2824,Maxipan Vanilla Essence 30ml,51,Dairy & Bakery Products,https://rasanmart.com/product-category/51,58,,https://rasanmart.com/images/backend_images/products/small/83268.png,https://rasanmart.com/product-details/2824,True,16
2823,Maxichoco Milk Compound (MC M21),51,Dairy & Bakery Products,https://rasanmart.com/product-category/51,450,,https://rasanmart.com/images/backend_images/products/small/64937.png,https://rasanmart.com/product-details/2823,True,16
2822,Veeba Thousand Island Dressing 300gm,16,"Ketchup, Spreads & Jams",https://rasanmart.com/product-category/16,390,,https://rasanmart.com/images/backend_images/products/small/42729.png,https://rasanmart.com/product-details/2822,False,16
2821,Veeba Veg Tandoori Mayonnaise 250gm,16,"Ketchup, Spreads & Jams",https://rasanmart.com/product-category/16,260,,https://rasanmart.com/images/backend_images/products/small/95769.png,https://rasanmart.com/product-details/2821,True,16
2820,Veeba Veg Burger Mayonnaise 250gm,16,"Ketchup, Spreads & Jams",https://rasanmart.com/product-category/16,260,,https://rasanmart.com/images/backend_images/products/small/42585.png,https://rasanmart.com/product-details/2820,True,16
2818,V series Gold Machine 3kg (Free bucket),88,Household,https://rasanmart.com/product-category/88,650,,https://rasanmart.com/images/backend_images/products/small/40597.png,https://rasanmart.com/product-details/2818,True,16
2816,Ariel Matic Front Load 3KG,88,Household,https://rasanmart.com/product-category/88,1649,1699,https://rasanmart.com/images/backend_images/products/small/69720.png,https://rasanmart.com/product-details/2816,True,16
2813,Cornitos Nacho Crisps Sweet Chilli 140gm,52,Snacks & Sweets,https://rasanmart.com/product-category/52,235,,https://rasanmart.com/images/backend_images/products/small/98185.png,https://rasanmart.com/product-details/2813,True,16
2811,Veeba Mayonnaise Veg (Eggless) 250gm,16,"Ketchup, Spreads & Jams",https://rasanmart.com/product-category/16,260,,https://rasanmart.com/images/backend_images/products/small/63474.png,https://rasanmart.com/product-details/2811,True,16
2808,Veeba Garlic Chilli Chutney 280gm,16,"Ketchup, Spreads & Jams",https://rasanmart.com/product-category/16,265,,https://rasanmart.com/images/backend_images/products/small/34834.png,https://rasanmart.com/product-details/2808,True,16
2807,Veeba Pasta and Pizza Sauce 280gm,16,"Ketchup, Spreads & Jams",https://rasanmart.com/product-category/16,400,,https://rasanmart.com/images/backend_images/products/small/38122.png,https://rasanmart.com/product-details/2807,True,16
2806,Veeba Peri Peri Hot Sauce 300gm,16,"Ketchup, Spreads & Jams",https://rasanmart.com/product-category/16,440,,https://rasanmart.com/images/backend_images/products/small/88710.png,https://rasanmart.com/product-details/2806,True,16
2802,Anmol Jeera Geda 500gm,9,Masala & Spices,https://rasanmart.com/product-category/9,290,500,https://rasanmart.com/images/backend_images/products/small/52759.png,https://rasanmart.com/product-details/2802,True,16
2801,Shalimar Dhoop Premium Cones 20gm,89,Puja Essentials,https://rasanmart.com/product-category/89,30,,https://rasanmart.com/images/backend_images/products/small/57375.png,https://rasanmart.com/product-details/2801,True,16
2800,Shalimar Dhoop Neo Sticks,89,Puja Essentials,https://rasanmart.com/product-category/89,30,,https://rasanmart.com/images/backend_images/products/small/30473.png,https://rasanmart.com/product-details/2800,True,16
2799,Eno 6pcs set,91,Grocery,https://rasanmart.com/product-category/91,96,,https://rasanmart.com/images/backend_images/products/small/62863.png,https://rasanmart.com/product-details/2799,True,16
2798,Coin Pouch,88,Household,https://rasanmart.com/product-category/88,80,,https://rasanmart.com/images/backend_images/products/small/89215.png,https://rasanmart.com/product-details/2798,True,16
2787,Mini Mop,92,Kitchen  & Home Appliances,https://rasanmart.com/product-category/92,450,,https://rasanmart.com/images/backend_images/products/small/529.png,https://rasanmart.com/product-details/2787,True,16
2785,Current Cheese ball 60gm Blue,52,Snacks & Sweets,https://rasanmart.com/product-category/52,49,60,https://rasanmart.com/images/backend_images/products/small/31721.png,https://rasanmart.com/product-details/2785,True,17
2784,Current Cheese ball 60gm White,52,Snacks & Sweets,https://rasanmart.com/product-category/52,49,60,https://rasanmart.com/images/backend_images/products/small/97481.png,https://rasanmart.com/product-details/2784,True,17
2783,Shubhmuhrat Steam Jeera masino rice 25Kg,34,Rice & Rice Products,https://rasanmart.com/product-category/34,2300,2500,https://rasanmart.com/images/backend_images/products/small/67281.png,https://rasanmart.com/product-details/2783,True,17
2781,Apron Waterproof,92,Kitchen  & Home Appliances,https://rasanmart.com/product-category/92,275,,https://rasanmart.com/images/backend_images/products/small/95743.png,https://rasanmart.com/product-details/2781,True,17
2779,Electric Frying Pan,92,Kitchen  & Home Appliances,https://rasanmart.com/product-category/92,875,,https://rasanmart.com/images/backend_images/products/small/67648.png,https://rasanmart.com/product-details/2779,True,17
2776,Reuseable Ice Cubes 6pcs,92,Kitchen  & Home Appliances,https://rasanmart.com/product-category/92,699,,https://rasanmart.com/images/backend_images/products/small/57922.png,https://rasanmart.com/product-details/2776,True,17
2768,Nima Mixture,92,Kitchen  & Home Appliances,https://rasanmart.com/product-category/92,575,,https://rasanmart.com/images/backend_images/products/small/80969.png,https://rasanmart.com/product-details/2768,True,17
2766,Ad Double Soap Case,92,Kitchen  & Home Appliances,https://rasanmart.com/product-category/92,250,,https://rasanmart.com/images/backend_images/products/small/6469.jpeg,https://rasanmart.com/product-details/2766,True,17
2764,Pizza Cutter,88,Household,https://rasanmart.com/product-category/88,125,,https://rasanmart.com/images/backend_images/products/small/57027.png,https://rasanmart.com/product-details/2764,True,17
2754,Godrej Nupur Henna 400gm,86,Personal Care,https://rasanmart.com/product-category/86,350,,https://rasanmart.com/images/backend_images/products/small/8956.png,https://rasanmart.com/product-details/2754,True,17
2753,Fogg Body Spray 120ml,86,Personal Care,https://rasanmart.com/product-category/86,390,,https://rasanmart.com/images/backend_images/products/small/48946.png,https://rasanmart.com/product-details/2753,True,17
2748,Dhaniya Geda Anmol 400gm,9,Masala & Spices,https://rasanmart.com/product-category/9,150,,https://rasanmart.com/images/backend_images/products/small/90398.png,https://rasanmart.com/product-details/2748,True,17
2744,Swastik Soyabean 10 Ltr,12,Cooking Oil & Ghee,https://rasanmart.com/product-category/12,285,2940,https://rasanmart.com/images/backend_images/products/small/87021.png,https://rasanmart.com/product-details/2744,True,17
2743,Hing Bambino 18gm,91,Grocery,https://rasanmart.com/product-category/91,75,,https://rasanmart.com/images/backend_images/products/small/74068.png,https://rasanmart.com/product-details/2743,True,17
2736,Haldiram's Soan Papdi 200gm,52,Snacks & Sweets,https://rasanmart.com/product-category/52,249,,https://rasanmart.com/images/backend_images/products/small/67200.png,https://rasanmart.com/product-details/2736,True,17
2735,Haldiram's Mexilla Sweet Thai Chilli 55gm,52,Snacks & Sweets,https://rasanmart.com/product-category/52,65,,https://rasanmart.com/images/backend_images/products/small/31569.png,https://rasanmart.com/product-details/2735,True,17
2734,Haldiram's Mexilla  Nacho Cheese 55gm,52,Snacks & Sweets,https://rasanmart.com/product-category/52,65,,https://rasanmart.com/images/backend_images/products/small/27887.png,https://rasanmart.com/product-details/2734,True,17
2733,Haldiram's Mexilla Mexican Tomato 55gm,52,Snacks & Sweets,https://rasanmart.com/product-category/52,65,,https://rasanmart.com/images/backend_images/products/small/64703.png,https://rasanmart.com/product-details/2733,True,17
2732,Lactogen Stage 4,87,Baby Care,https://rasanmart.com/product-category/87,860,,https://rasanmart.com/images/backend_images/products/small/88717.png,https://rasanmart.com/product-details/2732,True,17
2730,Good Knight Gold Flash Combo Pack,88,Household,https://rasanmart.com/product-category/88,168,,https://rasanmart.com/images/backend_images/products/small/21682.jpg,https://rasanmart.com/product-details/2730,True,17
2725,Lactogen Stage 3,87,Baby Care,https://rasanmart.com/product-category/87,844,,https://rasanmart.com/images/backend_images/products/small/53841.jpg,https://rasanmart.com/product-details/2725,True,18
2724,Lactogen Stage 2,87,Baby Care,https://rasanmart.com/product-category/87,851,,https://rasanmart.com/images/backend_images/products/small/81278.jpg,https://rasanmart.com/product-details/2724,True,18
2723,Lactogen Stage 1,87,Baby Care,https://rasanmart.com/product-category/87,854,,https://rasanmart.com/images/backend_images/products/small/54933.jpg,https://rasanmart.com/product-details/2723,True,18
2721,Hopeland Whole Mushroom Can 425gm,91,Grocery,https://rasanmart.com/product-category/91,135,,https://rasanmart.com/images/backend_images/products/small/31816.png,https://rasanmart.com/product-details/2721,True,18
2720,Mix Masala 500gm,9,Masala & Spices,https://rasanmart.com/product-category/9,330,,https://rasanmart.com/images/backend_images/products/small/19409.png,https://rasanmart.com/product-details/2720,False,18
2718,Maxichoco Dark Compound 500gm (DC D16),51,Dairy & Bakery Products,https://rasanmart.com/product-category/51,375,,https://rasanmart.com/images/backend_images/products/small/58249.png,https://rasanmart.com/product-details/2718,True,18
2706,Dabur Red Toothpaste 80gm,86,Personal Care,https://rasanmart.com/product-category/86,95,,https://rasanmart.com/images/backend_images/products/small/60863.png,https://rasanmart.com/product-details/2706,True,18
2705,Shagun Floor Wiper Long (SW-123),88,Household,https://rasanmart.com/product-category/88,320,,https://rasanmart.com/images/backend_images/products/small/33871.png,https://rasanmart.com/product-details/2705,True,18
2700,Saffola Active Soup Italian Muhroom Magic 40gm,91,Grocery,https://rasanmart.com/product-category/91,80,160,https://rasanmart.com/images/backend_images/products/small/63171.jpeg,https://rasanmart.com/product-details/2700,True,18
2695,Alfa Toilet Paper 10 roll,88,Household,https://rasanmart.com/product-category/88,275,,https://rasanmart.com/images/backend_images/products/small/21844.jpg,https://rasanmart.com/product-details/2695,True,18
2694,Patanjali Dant Kanti Medicated 75gm,86,Personal Care,https://rasanmart.com/product-category/86,60,,https://rasanmart.com/images/backend_images/products/small/48299.jpg,https://rasanmart.com/product-details/2694,True,18
2692,Weikfield Cornflour 1Kg,91,Grocery,https://rasanmart.com/product-category/91,200,,https://rasanmart.com/images/backend_images/products/small/73295.jpg,https://rasanmart.com/product-details/2692,True,18
2691,Fortune Toilet Paper 120gm (10 roll),88,Household,https://rasanmart.com/product-category/88,490,,https://rasanmart.com/images/backend_images/products/small/95778.jpg,https://rasanmart.com/product-details/2691,True,18
2690,Fortune Toilet Paper 120gm,88,Household,https://rasanmart.com/product-category/88,52,,https://rasanmart.com/images/backend_images/products/small/10168.jpg,https://rasanmart.com/product-details/2690,True,18
2688,Wonder Clean Urinal Cube 300gm,88,Household,https://rasanmart.com/product-category/88,280,,https://rasanmart.com/images/backend_images/products/small/4124.png,https://rasanmart.com/product-details/2688,True,18
2681,Weikfield Drinking Chocolate 100gm,51,Dairy & Bakery Products,https://rasanmart.com/product-category/51,250,,https://rasanmart.com/images/backend_images/products/small/27169.jpg,https://rasanmart.com/product-details/2681,True,18
2678,Parle Monaco Jeffs Zeera Biscuit 200gm,52,Snacks & Sweets,https://rasanmart.com/product-category/52,150,,https://rasanmart.com/images/backend_images/products/small/73273.png,https://rasanmart.com/product-details/2678,False,18
2675,Rasna Pineapple 1kg,15,"Tea, Coffee & Beverage",https://rasanmart.com/product-category/15,640,735,https://rasanmart.com/images/backend_images/products/small/81649.jpg,https://rasanmart.com/product-details/2675,True,18
2674,Rasna Mango 1kg,15,"Tea, Coffee & Beverage",https://rasanmart.com/product-category/15,640,735,https://rasanmart.com/images/backend_images/products/small/15995.jpg,https://rasanmart.com/product-details/2674,True,18
2664,Rakura Classic Grean Tea 25bags,15,"Tea, Coffee & Beverage",https://rasanmart.com/product-category/15,199,,https://rasanmart.com/images/backend_images/products/small/95677.jpg,https://rasanmart.com/product-details/2664,True,18
2657,Patanjali Danta Kanti Red Toothpaste 170gm,86,Personal Care,https://rasanmart.com/product-category/86,140,,https://rasanmart.com/images/backend_images/products/small/35852.jpg,https://rasanmart.com/product-details/2657,True,19
2656,Patanjali Gonyle ltr,88,Household,https://rasanmart.com/product-category/88,99,,https://rasanmart.com/images/backend_images/products/small/70533.jpg,https://rasanmart.com/product-details/2656,True,19
2645,Self Sealing water Balloons,88,Household,https://rasanmart.com/product-category/88,175,,https://rasanmart.com/images/backend_images/products/small/74562.jpg,https://rasanmart.com/product-details/2645,True,19
2643,Splash watergun Bag (Babi Mal),88,Household,https://rasanmart.com/product-category/88,880,,https://rasanmart.com/images/backend_images/products/small/99697.png,https://rasanmart.com/product-details/2643,True,19
2642,Sport And Fun Watergun Bag (Octonauts),88,Household,https://rasanmart.com/product-category/88,580,,https://rasanmart.com/images/backend_images/products/small/77416.jpg,https://rasanmart.com/product-details/2642,True,19
2641,Spiderman Watergun Bag,88,Household,https://rasanmart.com/product-category/88,580,,https://rasanmart.com/images/backend_images/products/small/58229.jpg,https://rasanmart.com/product-details/2641,True,19
2634,Colours 1Kg (Holi),88,Household,https://rasanmart.com/product-category/88,175,,https://rasanmart.com/images/backend_images/products/small/81456.jpg,https://rasanmart.com/product-details/2634,True,19
2633,Pichkari (Hand Watergun),88,Household,https://rasanmart.com/product-category/88,150,,https://rasanmart.com/images/backend_images/products/small/98405.jpg,https://rasanmart.com/product-details/2633,True,19
2632,Pichkari (Water pipe),88,Household,https://rasanmart.com/product-category/88,150,,https://rasanmart.com/images/backend_images/products/small/67009.jpg,https://rasanmart.com/product-details/2632,True,19
2624,Colgate Herbal 100g,86,Personal Care,https://rasanmart.com/product-category/86,152,,https://rasanmart.com/images/backend_images/products/small/38792.jpg,https://rasanmart.com/product-details/2624,True,19
2623,Dabur Keora Water 250ml,91,Grocery,https://rasanmart.com/product-category/91,112,,https://rasanmart.com/images/backend_images/products/small/97251.jpg,https://rasanmart.com/product-details/2623,True,19
2618,Current Hot & Lemon Veggie Noodles 5packets,31,Noodles & Pasta,https://rasanmart.com/product-category/31,225,250,https://rasanmart.com/images/backend_images/products/small/61902.png,https://rasanmart.com/product-details/2618,True,19
2616,Hopeland Baby Corn 425gm,91,Grocery,https://rasanmart.com/product-category/91,165,,https://rasanmart.com/images/backend_images/products/small/64941.jpg,https://rasanmart.com/product-details/2616,True,19
2607,Ariel Detergent Powder 1kg,88,Household,https://rasanmart.com/product-category/88,525,,https://rasanmart.com/images/backend_images/products/small/89278.jpg,https://rasanmart.com/product-details/2607,True,19
2604,Jeera (Cummin) Powder 500gm,9,Masala & Spices,https://rasanmart.com/product-category/9,370,375,https://rasanmart.com/images/backend_images/products/small/79986.jpg,https://rasanmart.com/product-details/2604,True,19
2598,Maxell Power Ace Battery Size D 2pcs Set,88,Household,https://rasanmart.com/product-category/88,190,,https://rasanmart.com/images/backend_images/products/small/40010.jpg,https://rasanmart.com/product-details/2598,True,19
2594,Kaju Tukri 200gm,8,Dry Fruits,https://rasanmart.com/product-category/8,310,,https://rasanmart.com/images/backend_images/products/small/522.jpg,https://rasanmart.com/product-details/2594,True,19
2593,BBC (Puja Ghee) 450ml,89,Puja Essentials,https://rasanmart.com/product-category/89,225,425,https://rasanmart.com/images/backend_images/products/small/87661.png,https://rasanmart.com/product-details/2593,True,19
2589,Ariel Matic Front Load 4kg + (Free 2kg ),88,Household,https://rasanmart.com/product-category/88,2799,3000,https://rasanmart.com/images/backend_images/products/small/2721.webp,https://rasanmart.com/product-details/2589,True,19
2585,Ariel Liquid Matic Front Load 1kg,88,Household,https://rasanmart.com/product-category/88,475,,https://rasanmart.com/images/backend_images/products/small/33431.jpg,https://rasanmart.com/product-details/2585,True,19
2577,Ariel Detergent Powder 500gm,88,Household,https://rasanmart.com/product-category/88,260,,https://rasanmart.com/images/backend_images/products/small/34766.jpg,https://rasanmart.com/product-details/2577,True,20
2575,Druk Garlic Chilli Sauce 200gm,16,"Ketchup, Spreads & Jams",https://rasanmart.com/product-category/16,88,,https://rasanmart.com/images/backend_images/products/small/57900.jpg,https://rasanmart.com/product-details/2575,True,20
2574,Enchanteur Romantic Body Mist 150ml,86,Personal Care,https://rasanmart.com/product-category/86,320,350,https://rasanmart.com/images/backend_images/products/small/1127.jpg,https://rasanmart.com/product-details/2574,True,20
2570,Ariel Detergent Powder 4kg (With Buscket Free),88,Household,https://rasanmart.com/product-category/88,2099,2320,https://rasanmart.com/images/backend_images/products/small/40845.png,https://rasanmart.com/product-details/2570,True,20
2568,Jeera Masino Rice 1kg,34,Rice & Rice Products,https://rasanmart.com/product-category/34,92,,https://rasanmart.com/images/backend_images/products/small/62495.jpg,https://rasanmart.com/product-details/2568,True,20
2564,Floor Cleaner 5ltr,88,Household,https://rasanmart.com/product-category/88,495,,https://rasanmart.com/images/backend_images/products/small/32060.jpeg,https://rasanmart.com/product-details/2564,True,20
2561,Garbage Bags Large 10Bags,88,Household,https://rasanmart.com/product-category/88,199,,https://rasanmart.com/images/backend_images/products/small/44868.jpg,https://rasanmart.com/product-details/2561,True,20
2560,Garbage Bags Biodegradable Medium 30 Bags,88,Household,https://rasanmart.com/product-category/88,150,,https://rasanmart.com/images/backend_images/products/small/74969.jpg,https://rasanmart.com/product-details/2560,True,20
2559,Sunflow Sunflower Oil 1lr (10pcs Box),12,Cooking Oil & Ghee,https://rasanmart.com/product-category/12,2990,3130,https://rasanmart.com/images/backend_images/products/small/14495.jpg,https://rasanmart.com/product-details/2559,True,20
2558,Dhara Mustard Oil 1ltr (10pcs Box),12,Cooking Oil & Ghee,https://rasanmart.com/product-category/12,3840,4200,https://rasanmart.com/images/backend_images/products/small/33513.jpg,https://rasanmart.com/product-details/2558,True,20
2557,Dhara Health Sunflower Oil 1Ltr (10pcs box),12,Cooking Oil & Ghee,https://rasanmart.com/product-category/12,3290,3420,https://rasanmart.com/images/backend_images/products/small/44618.jpg,https://rasanmart.com/product-details/2557,True,20
2556,Everest Saffron (Kesar) 0.5GM,9,Masala & Spices,https://rasanmart.com/product-category/9,283,,https://rasanmart.com/images/backend_images/products/small/99718.jpg,https://rasanmart.com/product-details/2556,True,20
2555,Sunflow Sunflower Oil 1Ltr,12,Cooking Oil & Ghee,https://rasanmart.com/product-category/12,299,313,https://rasanmart.com/images/backend_images/products/small/18417.jpg,https://rasanmart.com/product-details/2555,True,20
2554,Gyan Maida 1kg,35,"Atta, Maida & Suji",https://rasanmart.com/product-category/35,110,,https://rasanmart.com/images/backend_images/products/small/11195.jpg,https://rasanmart.com/product-details/2554,True,20
2551,Makkhan Handi,89,Puja Essentials,https://rasanmart.com/product-category/89,50,,https://rasanmart.com/images/backend_images/products/small/35469.jpg,https://rasanmart.com/product-details/2551,True,20
2549,Everest Turmeric Powder 500gm,9,Masala & Spices,https://rasanmart.com/product-category/9,473,,https://rasanmart.com/images/backend_images/products/small/66579.jpg,https://rasanmart.com/product-details/2549,True,20
2548,Berlino Mixed Vegetable Soup 45gm,91,Grocery,https://rasanmart.com/product-category/91,95,100,https://rasanmart.com/images/backend_images/products/small/28473.jpg,https://rasanmart.com/product-details/2548,True,20
2547,Berlino Mushroom Soup 45gm,91,Grocery,https://rasanmart.com/product-category/91,95,100,https://rasanmart.com/images/backend_images/products/small/57044.jpg,https://rasanmart.com/product-details/2547,True,20
2539,Kalash Roli (Tika) 100gm,89,Puja Essentials,https://rasanmart.com/product-category/89,120,,https://rasanmart.com/images/backend_images/products/small/11688.jpg,https://rasanmart.com/product-details/2539,True,20
2537,Sano Kerau 500gm,10,Dal & Pulses,https://rasanmart.com/product-category/10,105,,https://rasanmart.com/images/backend_images/products/small/20936.jpg,https://rasanmart.com/product-details/2537,True,20
2536,Sano Kerau 1kg,10,Dal & Pulses,https://rasanmart.com/product-category/10,210,,https://rasanmart.com/images/backend_images/products/small/7368.jpg,https://rasanmart.com/product-details/2536,True,21
2533,V Wash Plus 100ml,86,Personal Care,https://rasanmart.com/product-category/86,288,,https://rasanmart.com/images/backend_images/products/small/61876.jpg,https://rasanmart.com/product-details/2533,True,21
2532,Dustpan,88,Household,https://rasanmart.com/product-category/88,75,,https://rasanmart.com/images/backend_images/products/small/36052.jpg,https://rasanmart.com/product-details/2532,True,21
2528,Hopeland Sweet Corn 400gm,91,Grocery,https://rasanmart.com/product-category/91,130,,https://rasanmart.com/images/backend_images/products/small/52077.jpg,https://rasanmart.com/product-details/2528,True,21
2527,Patanjali Saundarya Aloevera Gel Kesar Chandan 150gm,86,Personal Care,https://rasanmart.com/product-category/86,180,,https://rasanmart.com/images/backend_images/products/small/80307.png,https://rasanmart.com/product-details/2527,True,21
2525,Sooun (No.03) 1 set,89,Puja Essentials,https://rasanmart.com/product-category/89,40,,https://rasanmart.com/images/backend_images/products/small/43360.jpg,https://rasanmart.com/product-details/2525,True,21
2524,Sooun (No.05) 1 set,89,Puja Essentials,https://rasanmart.com/product-category/89,40,,https://rasanmart.com/images/backend_images/products/small/95862.png,https://rasanmart.com/product-details/2524,True,21
2523,Sooun (No.04) 1 set,89,Puja Essentials,https://rasanmart.com/product-category/89,40,,https://rasanmart.com/images/backend_images/products/small/10785.png,https://rasanmart.com/product-details/2523,True,21
2521,Sooun (No.02) 1 set,89,Puja Essentials,https://rasanmart.com/product-category/89,40,,https://rasanmart.com/images/backend_images/products/small/56144.jpg,https://rasanmart.com/product-details/2521,True,21
2520,Sooun (No.01) 1 set,89,Puja Essentials,https://rasanmart.com/product-category/89,40,,https://rasanmart.com/images/backend_images/products/small/63540.png,https://rasanmart.com/product-details/2520,True,21
2517,Sukeko Khursani 500gm (Napiro),9,Masala & Spices,https://rasanmart.com/product-category/9,315,330,https://rasanmart.com/images/backend_images/products/small/1204.png,https://rasanmart.com/product-details/2517,True,21
2516,Sukeko Khursani 100gm (Napiro),9,Masala & Spices,https://rasanmart.com/product-category/9,70,75,https://rasanmart.com/images/backend_images/products/small/94214.png,https://rasanmart.com/product-details/2516,True,21
2515,Sukeko Khursani 100gm (Piro),9,Masala & Spices,https://rasanmart.com/product-category/9,70,75,https://rasanmart.com/images/backend_images/products/small/64648.png,https://rasanmart.com/product-details/2515,True,21
2495,Dettol Antiseptic Liquid 5ltr,88,Household,https://rasanmart.com/product-category/88,3178,,https://rasanmart.com/images/backend_images/products/small/70074.jpg,https://rasanmart.com/product-details/2495,True,21
2492,Shalimar Gila Dhoop Rose  20sticks,89,Puja Essentials,https://rasanmart.com/product-category/89,48,,https://rasanmart.com/images/backend_images/products/small/77088.jpg,https://rasanmart.com/product-details/2492,True,21
2466,Fragata Spanish Olives Stuffed Green 340gm,32,Pickles,https://rasanmart.com/product-category/32,410,,https://rasanmart.com/images/backend_images/products/small/37693.jpg,https://rasanmart.com/product-details/2466,True,21
2465,All Out Ultra Power + Slider Combo,88,Household,https://rasanmart.com/product-category/88,168,,https://rasanmart.com/images/backend_images/products/small/19334.jpg,https://rasanmart.com/product-details/2465,True,21
2464,Tide Surf 7Kg + 3Kg Free,88,Household,https://rasanmart.com/product-category/88,2350,,https://rasanmart.com/images/backend_images/products/small/44326.jpg,https://rasanmart.com/product-details/2464,True,21
2447,Sarso Yellow (SM) 100gm,9,Masala & Spices,https://rasanmart.com/product-category/9,38,40,https://rasanmart.com/images/backend_images/products/small/56783.jpg,https://rasanmart.com/product-details/2447,True,21
2444,Surf Excel Matic Front Load 6kg (Free 500 ml liquid),88,Household,https://rasanmart.com/product-category/88,2299,2360,https://rasanmart.com/images/backend_images/products/small/40920.jpg,https://rasanmart.com/product-details/2444,True,21
2442,Sunsilk Black shampoo 625ml,86,Personal Care,https://rasanmart.com/product-category/86,680,695,https://rasanmart.com/images/backend_images/products/small/69960.jpg,https://rasanmart.com/product-details/2442,True,22
2436,Horlicks Pouch 500gm,11,Energy & Health,https://rasanmart.com/product-category/11,350,,https://rasanmart.com/images/backend_images/products/small/40527.jpg,https://rasanmart.com/product-details/2436,True,22
2428,Mamy Poko Pants XL 30 Pants,87,Baby Care,https://rasanmart.com/product-category/87,1065,1118,https://rasanmart.com/images/backend_images/products/small/56988.jpg,https://rasanmart.com/product-details/2428,True,22
2426,Shalimar Gila Dhoop Mogra 20sticks,89,Puja Essentials,https://rasanmart.com/product-category/89,48,,https://rasanmart.com/images/backend_images/products/small/41276.jpg,https://rasanmart.com/product-details/2426,True,22
2425,Shalimar Gila Dhoop Chandan 20sticks,89,Puja Essentials,https://rasanmart.com/product-category/89,48,,https://rasanmart.com/images/backend_images/products/small/67828.jpg,https://rasanmart.com/product-details/2425,True,22
2424,Shalimar Retra Agarbatti Mix 6pcs,89,Puja Essentials,https://rasanmart.com/product-category/89,630,660,https://rasanmart.com/images/backend_images/products/small/39502.jpg,https://rasanmart.com/product-details/2424,True,22
2423,Shalimar Retra Agarbatti Amber Glory,89,Puja Essentials,https://rasanmart.com/product-category/89,110,,https://rasanmart.com/images/backend_images/products/small/58307.jpg,https://rasanmart.com/product-details/2423,True,22
2422,Shalimar Retra Agarbatti Honey Dew,89,Puja Essentials,https://rasanmart.com/product-category/89,110,,https://rasanmart.com/images/backend_images/products/small/17191.jpg,https://rasanmart.com/product-details/2422,True,22
2421,Shalimar Retra Agarbatti White Musk,89,Puja Essentials,https://rasanmart.com/product-category/89,110,,https://rasanmart.com/images/backend_images/products/small/50208.jpg,https://rasanmart.com/product-details/2421,True,22
2420,Shalimar Retra Agarbatti Sandal,89,Puja Essentials,https://rasanmart.com/product-category/89,110,,https://rasanmart.com/images/backend_images/products/small/50217.jpg,https://rasanmart.com/product-details/2420,True,22
2419,Shalimar Retra Agarbatti Majestic,89,Puja Essentials,https://rasanmart.com/product-category/89,110,,https://rasanmart.com/images/backend_images/products/small/5522.jpg,https://rasanmart.com/product-details/2419,True,22
2418,Shalimar Retra Agarbatti Grace,89,Puja Essentials,https://rasanmart.com/product-category/89,110,,https://rasanmart.com/images/backend_images/products/small/26717.jpg,https://rasanmart.com/product-details/2418,True,22
2387,Diabliss Jaggery 750gm Jar  (Diabetic Friendly),14,Sugar & Salt,https://rasanmart.com/product-category/14,480,498,https://rasanmart.com/images/backend_images/products/small/76444.jpg,https://rasanmart.com/product-details/2387,True,22
2378,Tide Surf 4Kg + 1 Kg Free,88,Household,https://rasanmart.com/product-category/88,1240,,https://rasanmart.com/images/backend_images/products/small/78465.jpg,https://rasanmart.com/product-details/2378,True,22
2372,Good Knight (45 days) Refill,88,Household,https://rasanmart.com/product-category/88,120,,https://rasanmart.com/images/backend_images/products/small/50946.jpg,https://rasanmart.com/product-details/2372,True,22
2368,Himalayan Pink Rock Salt Powder 1Kg,14,Sugar & Salt,https://rasanmart.com/product-category/14,280,,https://rasanmart.com/images/backend_images/products/small/7183.jpg,https://rasanmart.com/product-details/2368,True,22
2363,Mamy Poko Pants M42 Pants,87,Baby Care,https://rasanmart.com/product-category/87,1050,,https://rasanmart.com/images/backend_images/products/small/12544.jpg,https://rasanmart.com/product-details/2363,True,22
2359,Shagun Scrub/ Sponge 2 in 1 (S-97),88,Household,https://rasanmart.com/product-category/88,30,,https://rasanmart.com/images/backend_images/products/small/67759.jpg,https://rasanmart.com/product-details/2359,True,22
2358,Shagun Scrub Green Pad 5pcs,88,Household,https://rasanmart.com/product-category/88,90,,https://rasanmart.com/images/backend_images/products/small/39649.jpeg,https://rasanmart.com/product-details/2358,True,22
2356,"Shagun Floor Wiper Medium 36"" X16""(SW-106)",88,Household,https://rasanmart.com/product-category/88,190,,https://rasanmart.com/images/backend_images/products/small/27533.jpg,https://rasanmart.com/product-details/2356,True,22
2355,Shagun Long Khareto Plastic Broom,88,Household,https://rasanmart.com/product-category/88,245,,https://rasanmart.com/images/backend_images/products/small/8000.png,https://rasanmart.com/product-details/2355,True,23
2352,Toilet Brush (ST-210),88,Household,https://rasanmart.com/product-category/88,140,,https://rasanmart.com/images/backend_images/products/small/45078.jpg,https://rasanmart.com/product-details/2352,True,23
2349,Britannia Milk Bikis 35gm,20,Biscuit & Cookies,https://rasanmart.com/product-category/20,10,,https://rasanmart.com/images/backend_images/products/small/7201.jpg,https://rasanmart.com/product-details/2349,True,23
2342,Kodomo Strawberry Toothpaste Kids 40gm,87,Baby Care,https://rasanmart.com/product-category/87,172,,https://rasanmart.com/images/backend_images/products/small/2870.jpg,https://rasanmart.com/product-details/2342,True,23
2338,Current Hot & Lemon Veggie Noodles,31,Noodles & Pasta,https://rasanmart.com/product-category/31,45,50,https://rasanmart.com/images/backend_images/products/small/83771.jpg,https://rasanmart.com/product-details/2338,True,23
2323,Teel Oil 900ml,89,Puja Essentials,https://rasanmart.com/product-category/89,350,380,https://rasanmart.com/images/backend_images/products/small/47021.jpg,https://rasanmart.com/product-details/2323,True,23
2295,Kangaro Stationery Gift Set SS-T10M,88,Household,https://rasanmart.com/product-category/88,475,,https://rasanmart.com/images/backend_images/products/small/97865.jpeg,https://rasanmart.com/product-details/2295,True,23
2290,Colgate Swarna Vedshakti 100gm,86,Personal Care,https://rasanmart.com/product-category/86,128,,https://rasanmart.com/images/backend_images/products/small/7693.png,https://rasanmart.com/product-details/2290,True,23
2289,Kiwi Drainex Drain Cleaner 50gm,88,Household,https://rasanmart.com/product-category/88,60,,https://rasanmart.com/images/backend_images/products/small/59642.png,https://rasanmart.com/product-details/2289,True,23
2288,Surf Excel Big Bar 250gm,88,Household,https://rasanmart.com/product-category/88,60,,https://rasanmart.com/images/backend_images/products/small/59203.png,https://rasanmart.com/product-details/2288,True,23
2287,Himalaya Aloevera Facewash 100ml,86,Personal Care,https://rasanmart.com/product-category/86,224,,https://rasanmart.com/images/backend_images/products/small/30808.png,https://rasanmart.com/product-details/2287,False,23
2285,Bhanbhori Vanilla Essence 28ml,51,Dairy & Bakery Products,https://rasanmart.com/product-category/51,60,,https://rasanmart.com/images/backend_images/products/small/94103.png,https://rasanmart.com/product-details/2285,True,23
2284,Everest Sabji Masala 100gm,9,Masala & Spices,https://rasanmart.com/product-category/9,172,,https://rasanmart.com/images/backend_images/products/small/13667.png,https://rasanmart.com/product-details/2284,True,23
2282,Weikfield Cornflour 500gm,51,Dairy & Bakery Products,https://rasanmart.com/product-category/51,130,,https://rasanmart.com/images/backend_images/products/small/66187.png,https://rasanmart.com/product-details/2282,True,23
2276,Tilauree 180gm,52,Snacks & Sweets,https://rasanmart.com/product-category/52,95,,https://rasanmart.com/images/backend_images/products/small/71678.png,https://rasanmart.com/product-details/2276,True,23
2275,Teel Ko Laddu 180gm,52,Snacks & Sweets,https://rasanmart.com/product-category/52,120,,https://rasanmart.com/images/backend_images/products/small/45512.jpg,https://rasanmart.com/product-details/2275,True,23
2273,Fortune Soya Chunks 200gm,91,Grocery,https://rasanmart.com/product-category/91,100,,https://rasanmart.com/images/backend_images/products/small/90624.png,https://rasanmart.com/product-details/2273,True,23
2272,Alfa Detergent Cake 75gm (72pcs Box),88,Household,https://rasanmart.com/product-category/88,620,720,https://rasanmart.com/images/backend_images/products/small/74666.jpg,https://rasanmart.com/product-details/2272,True,23
2271,Dhoni White Soap (48 pcs Box),88,Household,https://rasanmart.com/product-category/88,1680,1920,https://rasanmart.com/images/backend_images/products/small/76331.jpg,https://rasanmart.com/product-details/2271,True,23
2254,Godrej Aer Spray Cool Surf Blue 240ml,88,Household,https://rasanmart.com/product-category/88,158,,https://rasanmart.com/images/backend_images/products/small/46198.jpg,https://rasanmart.com/product-details/2254,True,23
2253,Godrej Aer Spary Musk After Smoke 240ml,88,Household,https://rasanmart.com/product-category/88,158,,https://rasanmart.com/images/backend_images/products/small/99116.jpg,https://rasanmart.com/product-details/2253,True,24
2252,Godrej Aer Spray Morning Misty Meadows 240ml,88,Household,https://rasanmart.com/product-category/88,158,,https://rasanmart.com/images/backend_images/products/small/17132.jpg,https://rasanmart.com/product-details/2252,True,24
2251,Wheel Two In One 150gm,88,Household,https://rasanmart.com/product-category/88,20,,https://rasanmart.com/images/backend_images/products/small/5034.png,https://rasanmart.com/product-details/2251,True,24
2245,Harpic Flush Matic Marine 100gm,88,Household,https://rasanmart.com/product-category/88,304,,https://rasanmart.com/images/backend_images/products/small/70036.jpg,https://rasanmart.com/product-details/2245,True,24
2244,Harpic Flush Matic Citrus 100gm,88,Household,https://rasanmart.com/product-category/88,304,,https://rasanmart.com/images/backend_images/products/small/59019.jpg,https://rasanmart.com/product-details/2244,True,24
2208,Plastic Bowl 50pcs Set,88,Household,https://rasanmart.com/product-category/88,80,,https://rasanmart.com/images/backend_images/products/small/67775.jpg,https://rasanmart.com/product-details/2208,True,24
2205,Deli Graphite Pencil (38029)-12pcs,88,Household,https://rasanmart.com/product-category/88,110,,https://rasanmart.com/images/backend_images/products/small/19245.jpg,https://rasanmart.com/product-details/2205,True,24
2204,Sunsilk Conditioner HFS 325ml,86,Personal Care,https://rasanmart.com/product-category/86,350,360,https://rasanmart.com/images/backend_images/products/small/36815.png,https://rasanmart.com/product-details/2204,True,24
2202,Soft Napkin Tissue Paper,88,Household,https://rasanmart.com/product-category/88,50,,https://rasanmart.com/images/backend_images/products/small/6206.jpg,https://rasanmart.com/product-details/2202,True,24
2198,Special Mix Gajjak 400gm,52,Snacks & Sweets,https://rasanmart.com/product-category/52,320,,https://rasanmart.com/images/backend_images/products/small/39351.jpg,https://rasanmart.com/product-details/2198,False,24
2193,Haldiram's Gulab Jamun 500gm,52,Snacks & Sweets,https://rasanmart.com/product-category/52,445,,https://rasanmart.com/images/backend_images/products/small/72235.jpg,https://rasanmart.com/product-details/2193,True,24
2191,Nivea Cream 150ml,86,Personal Care,https://rasanmart.com/product-category/86,290,,https://rasanmart.com/images/backend_images/products/small/60005.jpg,https://rasanmart.com/product-details/2191,True,24
2189,Hit Chalk Kills Cockroaches,88,Household,https://rasanmart.com/product-category/88,28,,https://rasanmart.com/images/backend_images/products/small/50841.jpg,https://rasanmart.com/product-details/2189,True,24
2188,Bajra Atta 500gm,35,"Atta, Maida & Suji",https://rasanmart.com/product-category/35,65,,https://rasanmart.com/images/backend_images/products/small/64158.jpg,https://rasanmart.com/product-details/2188,True,24
2187,Bajra Atta 200gm,35,"Atta, Maida & Suji",https://rasanmart.com/product-category/35,26,,https://rasanmart.com/images/backend_images/products/small/57433.jpg,https://rasanmart.com/product-details/2187,True,24
2185,Stayfree Extra Large 6's,86,Personal Care,https://rasanmart.com/product-category/86,67,,https://rasanmart.com/images/backend_images/products/small/33309.jpg,https://rasanmart.com/product-details/2185,True,24
2181,Fragata black Pitted olives 330gm,32,Pickles,https://rasanmart.com/product-category/32,410,,https://rasanmart.com/images/backend_images/products/small/67722.jpg,https://rasanmart.com/product-details/2181,True,24
2180,Tide Detergent Powder 500 gm,88,Household,https://rasanmart.com/product-category/88,150,,https://rasanmart.com/images/backend_images/products/small/82821.png,https://rasanmart.com/product-details/2180,True,24
2179,Complan Chocolate Jar 500gm,11,Energy & Health,https://rasanmart.com/product-category/11,525,,https://rasanmart.com/images/backend_images/products/small/77699.jpg,https://rasanmart.com/product-details/2179,True,24
2178,HW Battery AAA 4pcs Set,88,Household,https://rasanmart.com/product-category/88,60,,https://rasanmart.com/images/backend_images/products/small/10892.jpg,https://rasanmart.com/product-details/2178,True,24
2177,HW Battery AA 4pcs Set,88,Household,https://rasanmart.com/product-category/88,60,,https://rasanmart.com/images/backend_images/products/small/54845.jpg,https://rasanmart.com/product-details/2177,True,25
2176,"Colourful Candles 2.5"" 12pcs",89,Puja Essentials,https://rasanmart.com/product-category/89,45,,https://rasanmart.com/images/backend_images/products/small/30687.jpg,https://rasanmart.com/product-details/2176,True,25
2168,Lwang (Clove) SM 100gm,9,Masala & Spices,https://rasanmart.com/product-category/9,225,250,https://rasanmart.com/images/backend_images/products/small/56762.jpg,https://rasanmart.com/product-details/2168,True,25
2161,"Shaubhagya Ko Samagri (Suhag Pitari) (Sindur,Tika, Kajal, Chura, Rubber Band)",89,Puja Essentials,https://rasanmart.com/product-category/89,110,,https://rasanmart.com/images/backend_images/products/small/9469.jpg,https://rasanmart.com/product-details/2161,True,25
2153,Hawan Samagri 200gm,89,Puja Essentials,https://rasanmart.com/product-category/89,200,,https://rasanmart.com/images/backend_images/products/small/5078.jpg,https://rasanmart.com/product-details/2153,True,25
2152,Ashtagandha Kumkum Tilak 125gm,89,Puja Essentials,https://rasanmart.com/product-category/89,125,,https://rasanmart.com/images/backend_images/products/small/40715.png,https://rasanmart.com/product-details/2152,True,25
2145,Decorated Yellow Kalash,89,Puja Essentials,https://rasanmart.com/product-category/89,120,,https://rasanmart.com/images/backend_images/products/small/69138.jpg,https://rasanmart.com/product-details/2145,True,25
2144,Decorated Orange Kalash,89,Puja Essentials,https://rasanmart.com/product-category/89,130,,https://rasanmart.com/images/backend_images/products/small/56871.jpg,https://rasanmart.com/product-details/2144,True,25
2141,Colgate Toothpaste Kids 6+ years 80gm,87,Baby Care,https://rasanmart.com/product-category/87,259,,https://rasanmart.com/images/backend_images/products/small/78832.png,https://rasanmart.com/product-details/2141,True,25
2140,Good Luck Indian Prime Rice 7 star 5kg,34,Rice & Rice Products,https://rasanmart.com/product-category/34,899,1000,https://rasanmart.com/images/backend_images/products/small/50342.jpg,https://rasanmart.com/product-details/2140,True,25
2125,Hulas Jeera masino 5kg,34,Rice & Rice Products,https://rasanmart.com/product-category/34,525,590,https://rasanmart.com/images/backend_images/products/small/86087.jpg,https://rasanmart.com/product-details/2125,True,25
2124,Dettol Lather Shaving Cream 60gm,86,Personal Care,https://rasanmart.com/product-category/86,148,,https://rasanmart.com/images/backend_images/products/small/38631.jpg,https://rasanmart.com/product-details/2124,True,25
2112,Colgate Visible White Sparkling Mint 120GM,86,Personal Care,https://rasanmart.com/product-category/86,316,,https://rasanmart.com/images/backend_images/products/small/56522.jpg,https://rasanmart.com/product-details/2112,True,25
2098,White Chocolate Chips 100gm,51,Dairy & Bakery Products,https://rasanmart.com/product-category/51,158,,https://rasanmart.com/images/backend_images/products/small/1458.png,https://rasanmart.com/product-details/2098,True,25
2097,Wrapping Film For Foods (Big Size),88,Household,https://rasanmart.com/product-category/88,660,850,https://rasanmart.com/images/backend_images/products/small/65268.png,https://rasanmart.com/product-details/2097,True,25
2091,Kabli chana (White chick peas) 1kg,10,Dal & Pulses,https://rasanmart.com/product-category/10,188,,https://rasanmart.com/images/backend_images/products/small/64786.jpg,https://rasanmart.com/product-details/2091,True,25
2084,Vanaspati Ghee 1ltr,89,Puja Essentials,https://rasanmart.com/product-category/89,285,300,https://rasanmart.com/images/backend_images/products/small/30154.png,https://rasanmart.com/product-details/2084,True,25
2083,Rajma 1Kg,10,Dal & Pulses,https://rasanmart.com/product-category/10,250,,https://rasanmart.com/images/backend_images/products/small/94520.jpg,https://rasanmart.com/product-details/2083,True,25
2081,Moong Khosta 1kg,10,Dal & Pulses,https://rasanmart.com/product-category/10,210,,https://rasanmart.com/images/backend_images/products/small/35495.jpg,https://rasanmart.com/product-details/2081,True,25
2077,Santoor Gentle Handwash Mild 675ml,86,Personal Care,https://rasanmart.com/product-category/86,158,,https://rasanmart.com/images/backend_images/products/small/69621.png,https://rasanmart.com/product-details/2077,True,25
2076,White Phenyl 1Ltr,88,Household,https://rasanmart.com/product-category/88,80,,https://rasanmart.com/images/backend_images/products/small/66323.jpg,https://rasanmart.com/product-details/2076,True,26
2071,Red Chilli Powder 100gm,9,Masala & Spices,https://rasanmart.com/product-category/9,70,72,https://rasanmart.com/images/backend_images/products/small/95104.jpg,https://rasanmart.com/product-details/2071,True,26
2070,Victory Red Chilli Powder 500g,9,Masala & Spices,https://rasanmart.com/product-category/9,340,487,https://rasanmart.com/images/backend_images/products/small/82129.jpg,https://rasanmart.com/product-details/2070,True,26
2065,Thermal Gun (1 Second Temperature Measurement),76,Health & Safety,https://rasanmart.com/product-category/76,1620,,https://rasanmart.com/images/backend_images/products/small/8509.jpg,https://rasanmart.com/product-details/2065,True,26
2064,Bagmati Small Bathroom Dustbin Model No. 1000,91,Grocery,https://rasanmart.com/product-category/91,125,,https://rasanmart.com/images/backend_images/products/small/758.jpg,https://rasanmart.com/product-details/2064,True,26
2062,Surgical Mask (50pcs),76,Health & Safety,https://rasanmart.com/product-category/76,180,,https://rasanmart.com/images/backend_images/products/small/85558.jpg,https://rasanmart.com/product-details/2062,True,26
2056,Berlino Sabudana (Thulo) 200gm,91,Grocery,https://rasanmart.com/product-category/91,73,,https://rasanmart.com/images/backend_images/products/small/19258.jpg,https://rasanmart.com/product-details/2056,True,26
2055,Berlino Sabudana (Thulo) 500gm,91,Grocery,https://rasanmart.com/product-category/91,181,,https://rasanmart.com/images/backend_images/products/small/18745.jpg,https://rasanmart.com/product-details/2055,True,26
2051,Bagmati Round Stepbin Model No. 521,88,Household,https://rasanmart.com/product-category/88,370,,https://rasanmart.com/images/backend_images/products/small/5010.jpg,https://rasanmart.com/product-details/2051,True,26
2048,Pooja Kapoor 50gm,89,Puja Essentials,https://rasanmart.com/product-category/89,125,,https://rasanmart.com/images/backend_images/products/small/47122.jpg,https://rasanmart.com/product-details/2048,True,26
2047,Bagmati Square Pedal Bin Model No. 119,88,Household,https://rasanmart.com/product-category/88,800,,https://rasanmart.com/images/backend_images/products/small/15353.jpg,https://rasanmart.com/product-details/2047,True,26
2045,Phenyl Goli 200gm,88,Household,https://rasanmart.com/product-category/88,125,,https://rasanmart.com/images/backend_images/products/small/65632.jpg,https://rasanmart.com/product-details/2045,True,26
2044,Patanjali Coconut Oil 200ml,86,Personal Care,https://rasanmart.com/product-category/86,190,,https://rasanmart.com/images/backend_images/products/small/8925.png,https://rasanmart.com/product-details/2044,True,26
2038,Pears P&G Combo (125gm X 3),86,Personal Care,https://rasanmart.com/product-category/86,324,,https://rasanmart.com/images/backend_images/products/small/31417.jpg,https://rasanmart.com/product-details/2038,True,26
2037,Musuro Dal (sano) 500gm,10,Dal & Pulses,https://rasanmart.com/product-category/10,99,,https://rasanmart.com/images/backend_images/products/small/18744.jpg,https://rasanmart.com/product-details/2037,False,26
2036,Patanjali Dant kanti(Medicated)100g,86,Personal Care,https://rasanmart.com/product-category/86,75,,https://rasanmart.com/images/backend_images/products/small/94204.gif,https://rasanmart.com/product-details/2036,True,26
2035,Patanjali Dant Kanti Advanced 100gm,86,Personal Care,https://rasanmart.com/product-category/86,155,,https://rasanmart.com/images/backend_images/products/small/80547.jpg,https://rasanmart.com/product-details/2035,True,26
2034,Parle Top 200gm,20,Biscuit & Cookies,https://rasanmart.com/product-category/20,60,,https://rasanmart.com/images/backend_images/products/small/45728.jpg,https://rasanmart.com/product-details/2034,True,26
2031,Parachute Jasmine Hair Oil 300ml,86,Personal Care,https://rasanmart.com/product-category/86,219,,https://rasanmart.com/images/backend_images/products/small/77444.jpg,https://rasanmart.com/product-details/2031,True,26
2030,Parachute Hot Oil 300ml,86,Personal Care,https://rasanmart.com/product-category/86,313,,https://rasanmart.com/images/backend_images/products/small/2673.jpg,https://rasanmart.com/product-details/2030,True,26
2026,Musuro Dal (Thulo) 500gm,10,Dal & Pulses,https://rasanmart.com/product-category/10,76,,https://rasanmart.com/images/backend_images/products/small/43457.jpg,https://rasanmart.com/product-details/2026,True,27
2022,Marich Powder (Black) 100gm,9,Masala & Spices,https://rasanmart.com/product-category/9,220,225,https://rasanmart.com/images/backend_images/products/small/10868.jpg,https://rasanmart.com/product-details/2022,True,27
2020,Lizol Floral 2Ltr,88,Household,https://rasanmart.com/product-category/88,816,,https://rasanmart.com/images/backend_images/products/small/95005.jpg,https://rasanmart.com/product-details/2020,True,27
2014,Kellogg’s Muesli Fruit and Nuts 1Kg (Free Jar),11,Energy & Health,https://rasanmart.com/product-category/11,1400,,https://rasanmart.com/images/backend_images/products/small/98544.jpg,https://rasanmart.com/product-details/2014,True,27
2010,Jwano 100gm,9,Masala & Spices,https://rasanmart.com/product-category/9,70,75,https://rasanmart.com/images/backend_images/products/small/29935.png,https://rasanmart.com/product-details/2010,True,27
2009,Floor Duster Pocha,88,Household,https://rasanmart.com/product-category/88,90,,https://rasanmart.com/images/backend_images/products/small/61889.png,https://rasanmart.com/product-details/2009,True,27
2007,Exo Dish Shine Round 500gm,88,Household,https://rasanmart.com/product-category/88,104,,https://rasanmart.com/images/backend_images/products/small/84112.jpg,https://rasanmart.com/product-details/2007,True,27
2006,Exo Dish Shine Round 250gm,88,Household,https://rasanmart.com/product-category/88,57,,https://rasanmart.com/images/backend_images/products/small/263.jpg,https://rasanmart.com/product-details/2006,True,27
2005,Everest Garam Masala 100gm,9,Masala & Spices,https://rasanmart.com/product-category/9,195,,https://rasanmart.com/images/backend_images/products/small/7194.jpg,https://rasanmart.com/product-details/2005,True,27
2004,Everest Black Pepper 100gm,9,Masala & Spices,https://rasanmart.com/product-category/9,412,,https://rasanmart.com/images/backend_images/products/small/63252.jpg,https://rasanmart.com/product-details/2004,True,27
2001,Dilbahar’s Heeng Ki Tikiya 250gm,91,Grocery,https://rasanmart.com/product-category/91,220,,https://rasanmart.com/images/backend_images/products/small/73015.jpg,https://rasanmart.com/product-details/2001,True,27
1999,Dettol Liquid Handwash Skincare 675ml,86,Personal Care,https://rasanmart.com/product-category/86,174,,https://rasanmart.com/images/backend_images/products/small/84736.jpg,https://rasanmart.com/product-details/1999,True,27
1998,Dettol Liquid Handwash Original 875ml,86,Personal Care,https://rasanmart.com/product-category/86,238,,https://rasanmart.com/images/backend_images/products/small/34702.jpg,https://rasanmart.com/product-details/1998,True,27
1989,Sire Nun 1kg,14,Sugar & Salt,https://rasanmart.com/product-category/14,80,,https://rasanmart.com/images/backend_images/products/small/21705.jpg,https://rasanmart.com/product-details/1989,True,27
1979,Fortune Box Tissue 100pulls 4Box,88,Household,https://rasanmart.com/product-category/88,360,,https://rasanmart.com/images/backend_images/products/small/74556.png,https://rasanmart.com/product-details/1979,True,27
1978,Beshar (Turmeric) Powder SM 100gm,9,Masala & Spices,https://rasanmart.com/product-category/9,47,,https://rasanmart.com/images/backend_images/products/small/22980.png,https://rasanmart.com/product-details/1978,True,27
1977,Bajra Geda 500gm,89,Puja Essentials,https://rasanmart.com/product-category/89,53,,https://rasanmart.com/images/backend_images/products/small/42817.jpg,https://rasanmart.com/product-details/1977,True,27
1976,Bajra Geda 200gm,89,Puja Essentials,https://rasanmart.com/product-category/89,21,,https://rasanmart.com/images/backend_images/products/small/66092.jpg,https://rasanmart.com/product-details/1976,True,27
1975,Fortune Box Tissue 200pulls,88,Household,https://rasanmart.com/product-category/88,140,,https://rasanmart.com/images/backend_images/products/small/86338.png,https://rasanmart.com/product-details/1975,True,27
1974,Automatic Soap/Sanitizer Dispenser Capability 330ml,88,Household,https://rasanmart.com/product-category/88,1120,,https://rasanmart.com/images/backend_images/products/small/79058.jpg,https://rasanmart.com/product-details/1974,True,27
1973,Automatic Sensor Soap/Sanitizer Dispenser Capability 450ml,88,Household,https://rasanmart.com/product-category/88,1420,,https://rasanmart.com/images/backend_images/products/small/25768.jpg,https://rasanmart.com/product-details/1973,True,28
1972,Fortune Box Tissue 100pulls,88,Household,https://rasanmart.com/product-category/88,90,,https://rasanmart.com/images/backend_images/products/small/566.png,https://rasanmart.com/product-details/1972,True,28
1958,Nylon Round Jali 6pcs,88,Household,https://rasanmart.com/product-category/88,90,,https://rasanmart.com/images/backend_images/products/small/59621.png,https://rasanmart.com/product-details/1958,True,28
256,Lizol Citrus 2ltr,88,Household,https://rasanmart.com/product-category/88,816,,https://rasanmart.com/images/backend_images/products/small/lizol-citrus.jpg,https://rasanmart.com/product-details/256,True,28
512,White Phenyl Lemon 5Ltr,88,Household,https://rasanmart.com/product-category/88,350,375,https://rasanmart.com/images/backend_images/products/small/white-phenyle-lemon.jpg,https://rasanmart.com/product-details/512,True,28
768,Parle-G 25+17gm Free,20,Biscuit & Cookies,https://rasanmart.com/product-category/20,10,,https://rasanmart.com/images/backend_images/products/small/9nnn.png,https://rasanmart.com/product-details/768,True,28
1024,Knorr Hot And Sour Vegetable Soup 41gm,15,"Tea, Coffee & Beverage",https://rasanmart.com/product-category/15,88,,https://rasanmart.com/images/backend_images/products/small/90641.jpg,https://rasanmart.com/product-details/1024,True,28
257,Vanish Powder Oxy 400g,88,Household,https://rasanmart.com/product-category/88,400,,https://rasanmart.com/images/backend_images/products/small/vanish-oxi-action.gif,https://rasanmart.com/product-details/257,True,28
1025,Knorr Thick Tomato Soup 51gm,15,"Tea, Coffee & Beverage",https://rasanmart.com/product-category/15,96,,https://rasanmart.com/images/backend_images/products/small/91163.jpg,https://rasanmart.com/product-details/1025,True,28
1537,Bhanbhori Coconut Milk 400ml,51,Dairy & Bakery Products,https://rasanmart.com/product-category/51,290,,https://rasanmart.com/images/backend_images/products/small/92929.jpg,https://rasanmart.com/product-details/1537,True,28
770,Nilon's Mixed Pickle 900gm,32,Pickles,https://rasanmart.com/product-category/32,350,,https://rasanmart.com/images/backend_images/products/small/56071.png,https://rasanmart.com/product-details/770,True,28
1026,Knorr Sweet Corn Vegetable Soup 42gm,15,"Tea, Coffee & Beverage",https://rasanmart.com/product-category/15,88,,https://rasanmart.com/images/backend_images/products/small/44517.jpg,https://rasanmart.com/product-details/1026,True,28
1282,Dalchini Dhulo 100gm,9,Masala & Spices,https://rasanmart.com/product-category/9,93,95,https://rasanmart.com/images/backend_images/products/small/1-26.jpg,https://rasanmart.com/product-details/1282,True,28
259,Good Knight(60 days) Set Turbo,88,Household,https://rasanmart.com/product-category/88,144,,https://rasanmart.com/images/backend_images/products/small/goodknight-turbo-with-newsi.gif,https://rasanmart.com/product-details/259,True,28
1027,Berlino Macroni Spring 900gm,31,Noodles & Pasta,https://rasanmart.com/product-category/31,290,320,https://rasanmart.com/images/backend_images/products/small/rasanmart-25.jpg,https://rasanmart.com/product-details/1027,True,28
772,Weikfield Baking Powder 400gm,51,Dairy & Bakery Products,https://rasanmart.com/product-category/51,135,,https://rasanmart.com/images/backend_images/products/small/12n..png,https://rasanmart.com/product-details/772,True,28
1028,Pantene Shampoo Hair Fall Control 650ml,86,Personal Care,https://rasanmart.com/product-category/86,625,,https://rasanmart.com/images/backend_images/products/small/rasanmart-30.jpg,https://rasanmart.com/product-details/1028,False,28
261,Good Knight Coil,88,Household,https://rasanmart.com/product-category/88,56,,https://rasanmart.com/images/backend_images/products/small/goodknight-octagon-mosquito.gif,https://rasanmart.com/product-details/261,True,28
517,Bikaji Baat Cheet Papad 300g,91,Grocery,https://rasanmart.com/product-category/91,230,235,https://rasanmart.com/images/backend_images/products/small/41-1-1.jpg,https://rasanmart.com/product-details/517,True,28
1029,Weikfield Baking Soda 100gm,51,Dairy & Bakery Products,https://rasanmart.com/product-category/51,50,,https://rasanmart.com/images/backend_images/products/small/rasanmart-31.jpg,https://rasanmart.com/product-details/1029,True,28
518,Bikaji Bikaneri Bhujia 900gm,52,Snacks & Sweets,https://rasanmart.com/product-category/52,575,640,https://rasanmart.com/images/backend_images/products/small/11-19.jpg,https://rasanmart.com/product-details/518,True,29
1030,Pantene Shampoo Total Damage Care 650ml,86,Personal Care,https://rasanmart.com/product-category/86,625,,https://rasanmart.com/images/backend_images/products/small/rasanmart-34.jpg,https://rasanmart.com/product-details/1030,True,29
1286,T-Mub,88,Household,https://rasanmart.com/product-category/88,225,,https://rasanmart.com/images/backend_images/products/small/12-7.jpg,https://rasanmart.com/product-details/1286,True,29
263,American Garden Eggless Mayo Spread 460gm,16,"Ketchup, Spreads & Jams",https://rasanmart.com/product-category/16,740,799,https://rasanmart.com/images/backend_images/products/small/eggless-mayo-spread-.png,https://rasanmart.com/product-details/263,True,29
519,Bikaji Bikaneri Bhujia 350g,52,Snacks & Sweets,https://rasanmart.com/product-category/52,230,235,https://rasanmart.com/images/backend_images/products/small/bikaji-bhujia1.jpg,https://rasanmart.com/product-details/519,True,29
1031,Darshan Effects Incense Sticks 150gm,89,Puja Essentials,https://rasanmart.com/product-category/89,100,,https://rasanmart.com/images/backend_images/products/small/7-4.jpg,https://rasanmart.com/product-details/1031,True,29
1287,Round Mop,88,Household,https://rasanmart.com/product-category/88,245,,https://rasanmart.com/images/backend_images/products/small/11-10.jpg,https://rasanmart.com/product-details/1287,True,29
264,Borges Extra Virgin Olive Oil 250 ml,12,Cooking Oil & Ghee,https://rasanmart.com/product-category/12,990,,https://rasanmart.com/images/backend_images/products/small/borges-extra-virgin.jpg,https://rasanmart.com/product-details/264,True,29
520,Darshan Black Stone 125g,89,Puja Essentials,https://rasanmart.com/product-category/89,100,,https://rasanmart.com/images/backend_images/products/small/black-stone.jpg,https://rasanmart.com/product-details/520,True,29
1288,Jhadu (Khareto),88,Household,https://rasanmart.com/product-category/88,100,,https://rasanmart.com/images/backend_images/products/small/6-23.jpg,https://rasanmart.com/product-details/1288,True,29
9,Patanjali Dant kanti (Regular)100g,86,Personal Care,https://rasanmart.com/product-category/86,90,,https://rasanmart.com/images/backend_images/products/small/patanjali-dant-kanti-dental.gif,https://rasanmart.com/product-details/9,True,29
265,Cornitos Nachos Crisps Cheese 140 gm,52,Snacks & Sweets,https://rasanmart.com/product-category/52,235,,https://rasanmart.com/images/backend_images/products/small/rasanmart-nachos-cheese.jpg,https://rasanmart.com/product-details/265,True,29
521,Borges Classic Olive Oil 500ml,12,Cooking Oil & Ghee,https://rasanmart.com/product-category/12,1690,,https://rasanmart.com/images/backend_images/products/small/borges-classic-olive-oil.jpg,https://rasanmart.com/product-details/521,True,29
1033,DDC Yak Cheese 200gm,51,Dairy & Bakery Products,https://rasanmart.com/product-category/51,480,,https://rasanmart.com/images/backend_images/products/small/8-3.jpg,https://rasanmart.com/product-details/1033,True,29
1545,Coconut Powder 200gm,51,Dairy & Bakery Products,https://rasanmart.com/product-category/51,165,,https://rasanmart.com/images/backend_images/products/small/33-4.jpeg,https://rasanmart.com/product-details/1545,True,29
1290,Rope For Drying Clothes 20 metre,88,Household,https://rasanmart.com/product-category/88,120,,https://rasanmart.com/images/backend_images/products/small/99248.jpeg,https://rasanmart.com/product-details/1290,True,29
1802,Rayo S.M 500gm,9,Masala & Spices,https://rasanmart.com/product-category/9,180,190,https://rasanmart.com/images/backend_images/products/small/81366.jpeg,https://rasanmart.com/product-details/1802,True,29
267,Harpic White&Shine Bleach 500 ml,88,Household,https://rasanmart.com/product-category/88,184,,https://rasanmart.com/images/backend_images/products/small/harpic-whiteshine-bleach.jpg,https://rasanmart.com/product-details/267,True,29
779,Kellogg's Muesli Crunchy Fruits and Nuts 500gm,11,Energy & Health,https://rasanmart.com/product-category/11,650,,https://rasanmart.com/images/backend_images/products/small/1-11-1.jpg,https://rasanmart.com/product-details/779,True,29
1035,Divella Fusilli Pasta 500gm,31,Noodles & Pasta,https://rasanmart.com/product-category/31,325,,https://rasanmart.com/images/backend_images/products/small/6-6.jpg,https://rasanmart.com/product-details/1035,True,29
1291,Plastic Cloth Clips 14pcs,88,Household,https://rasanmart.com/product-category/88,120,,https://rasanmart.com/images/backend_images/products/small/3-27.jpg,https://rasanmart.com/product-details/1291,True,30
1803,Tori (Mustard seeds) SM 100gm,9,Masala & Spices,https://rasanmart.com/product-category/9,30,,https://rasanmart.com/images/backend_images/products/small/8-32.jpeg,https://rasanmart.com/product-details/1803,True,30
780,Bay Leaf (Tej Patta) 50gm,9,Masala & Spices,https://rasanmart.com/product-category/9,25,,https://rasanmart.com/images/backend_images/products/small/17nn.png,https://rasanmart.com/product-details/780,True,30
1804,Tori (Mustard seeds) 500gm,9,Masala & Spices,https://rasanmart.com/product-category/9,165,170,https://rasanmart.com/images/backend_images/products/small/8-32.jpeg,https://rasanmart.com/product-details/1804,True,30
525,Colgate Swarna Vedshakti 200g,86,Personal Care,https://rasanmart.com/product-category/86,264,,https://rasanmart.com/images/backend_images/products/small/65027.png,https://rasanmart.com/product-details/525,True,30
1037,Henko Stain Champain 1Kg,88,Household,https://rasanmart.com/product-category/88,312,,https://rasanmart.com/images/backend_images/products/small/87923.jpg,https://rasanmart.com/product-details/1037,True,30
1038,Lizol Citrus 500ml,88,Household,https://rasanmart.com/product-category/88,206,,https://rasanmart.com/images/backend_images/products/small/lizol-strain-germ.gif,https://rasanmart.com/product-details/1038,True,30
1806,Ajino Moto 100gm,9,Masala & Spices,https://rasanmart.com/product-category/9,45,,https://rasanmart.com/images/backend_images/products/small/3-49.jpeg,https://rasanmart.com/product-details/1806,True,30
527,Bharat Darshan Incense Sticks 85gm,89,Puja Essentials,https://rasanmart.com/product-category/89,100,,https://rasanmart.com/images/backend_images/products/small/darshan-dhup.jpg,https://rasanmart.com/product-details/527,True,30
1039,Handwash 5Ltr Jar,86,Personal Care,https://rasanmart.com/product-category/86,510,,https://rasanmart.com/images/backend_images/products/small/4-8.jpg,https://rasanmart.com/product-details/1039,True,30
272,Britannia Marie Gold Biscuit 40gm,20,Biscuit & Cookies,https://rasanmart.com/product-category/20,10,,https://rasanmart.com/images/backend_images/products/small/britannia-marie-gold-biscui.jpg,https://rasanmart.com/product-details/272,True,30
273,Dettol Soap Original 100gm (B4G1),86,Personal Care,https://rasanmart.com/product-category/86,290,,https://rasanmart.com/images/backend_images/products/small/dettol-soap-org.-1.jpg,https://rasanmart.com/product-details/273,True,30
529,Laxmi Puja Set,89,Puja Essentials,https://rasanmart.com/product-category/89,590,700,https://rasanmart.com/images/backend_images/products/small/64736.jpeg,https://rasanmart.com/product-details/529,False,30
1553,Bhanbhori Peanut Butter Creamy 340gmgm,16,"Ketchup, Spreads & Jams",https://rasanmart.com/product-category/16,265,,https://rasanmart.com/images/backend_images/products/small/15776.png,https://rasanmart.com/product-details/1553,True,30
18,Chana Brown 1Kg,10,Dal & Pulses,https://rasanmart.com/product-category/10,138,,https://rasanmart.com/images/backend_images/products/small/chana.jpg,https://rasanmart.com/product-details/18,True,30
530,Druk Baked Beans 450g,16,"Ketchup, Spreads & Jams",https://rasanmart.com/product-category/16,165,,https://rasanmart.com/images/backend_images/products/small/druk-baked-beans.jpg,https://rasanmart.com/product-details/530,True,30
531,Druk Bamboo Shoots 450g,11,Energy & Health,https://rasanmart.com/product-category/11,145,,https://rasanmart.com/images/backend_images/products/small/druk-bamboo-shoots-inwater.jpg,https://rasanmart.com/product-details/531,True,30
1043,Druk Green Chilli Sauce 1Kg,16,"Ketchup, Spreads & Jams",https://rasanmart.com/product-category/16,215,,https://rasanmart.com/images/backend_images/products/small/27-2-1.jpg,https://rasanmart.com/product-details/1043,True,30
1299,Corner Adjustable Towel Rack (M01028),88,Household,https://rasanmart.com/product-category/88,475,,https://rasanmart.com/images/backend_images/products/small/7-16.jpg,https://rasanmart.com/product-details/1299,True,30
1811,Kitchen Gas Lighter,88,Household,https://rasanmart.com/product-category/88,150,,https://rasanmart.com/images/backend_images/products/small/14-19.jpeg,https://rasanmart.com/product-details/1811,True,30
20,Clinic Plus 325ml,86,Personal Care,https://rasanmart.com/product-category/86,280,290,https://rasanmart.com/images/backend_images/products/small/rasan-mart-clinic.jpg,https://rasanmart.com/product-details/20,True,31
532,Druk Mixed Fruit Jam 6kg,16,"Ketchup, Spreads & Jams",https://rasanmart.com/product-category/16,1800,1899,https://rasanmart.com/images/backend_images/products/small/druk-mixed-fruit-jam-pentin-mixed.jpg,https://rasanmart.com/product-details/532,False,31
1300,Corner Shelf Magic Suction Cup (M01907),88,Household,https://rasanmart.com/product-category/88,875,,https://rasanmart.com/images/backend_images/products/small/5-22.jpg,https://rasanmart.com/product-details/1300,True,31
21,Sunsilk pink shampoo 625ml,86,Personal Care,https://rasanmart.com/product-category/86,640,650,https://rasanmart.com/images/backend_images/products/small/Shampoo.jpg,https://rasanmart.com/product-details/21,True,31
1301,Fashion Hook 2pcs,88,Household,https://rasanmart.com/product-category/88,90,,https://rasanmart.com/images/backend_images/products/small/4-24.jpg,https://rasanmart.com/product-details/1301,True,31
278,Divella Spaghetti 500 gm,31,Noodles & Pasta,https://rasanmart.com/product-category/31,325,,https://rasanmart.com/images/backend_images/products/small/divella-spaghetti.jpg,https://rasanmart.com/product-details/278,True,31
534,Eno Lemon 5gm,91,Grocery,https://rasanmart.com/product-category/91,17,,https://rasanmart.com/images/backend_images/products/small/eno-lemon.jpg,https://rasanmart.com/product-details/534,True,31
790,Rakura Green Citrus Fruits 25 Bags,15,"Tea, Coffee & Beverage",https://rasanmart.com/product-category/15,229,,https://rasanmart.com/images/backend_images/products/small/16071.png,https://rasanmart.com/product-details/790,True,31
1558,Dabur Honey 500gm,11,Energy & Health,https://rasanmart.com/product-category/11,450,,https://rasanmart.com/images/backend_images/products/small/35829.jpeg,https://rasanmart.com/product-details/1558,True,31
791,Everest Momo Masala 100gm,9,Masala & Spices,https://rasanmart.com/product-category/9,152,,https://rasanmart.com/images/backend_images/products/small/77016.png,https://rasanmart.com/product-details/791,True,31
1303,Cloth Washing Brush,88,Household,https://rasanmart.com/product-category/88,90,,https://rasanmart.com/images/backend_images/products/small/2-30.jpg,https://rasanmart.com/product-details/1303,True,31
792,Everest Kasuri Methi 25gm,9,Masala & Spices,https://rasanmart.com/product-category/9,74,,https://rasanmart.com/images/backend_images/products/small/39541.png,https://rasanmart.com/product-details/792,True,31
282,Himalaya Baby Powder 200 gm,87,Baby Care,https://rasanmart.com/product-category/87,232,,https://rasanmart.com/images/backend_images/products/small/himalaya-baby-powder-1.jpg,https://rasanmart.com/product-details/282,True,31
538,Goond 200gm,91,Grocery,https://rasanmart.com/product-category/91,98,,https://rasanmart.com/images/backend_images/products/small/goond.jpg,https://rasanmart.com/product-details/538,True,31
794,Adity Salted Roasted Peanuts 590gm,52,Snacks & Sweets,https://rasanmart.com/product-category/52,340,,https://rasanmart.com/images/backend_images/products/small/29822.png,https://rasanmart.com/product-details/794,True,31
1051,Chia seeds 500gm,11,Energy & Health,https://rasanmart.com/product-category/11,375,,https://rasanmart.com/images/backend_images/products/small/rasan-mart-chia-seeds.jpg,https://rasanmart.com/product-details/1051,True,31
284,Himalaya Baby Cream 100ml,87,Baby Care,https://rasanmart.com/product-category/87,320,,https://rasanmart.com/images/backend_images/products/small/himalaya-baby-cream.jpg,https://rasanmart.com/product-details/284,True,31
796,Berlino Sewai Roasted 150gm,91,Grocery,https://rasanmart.com/product-category/91,50,,https://rasanmart.com/images/backend_images/products/small/61796.png,https://rasanmart.com/product-details/796,True,31
798,Berlino Pasta Penni (Yellow) 400gm,31,Noodles & Pasta,https://rasanmart.com/product-category/31,130,145,https://rasanmart.com/images/backend_images/products/small/96194.png,https://rasanmart.com/product-details/798,True,31
1822,Henko Matic Topload 1Kg,88,Household,https://rasanmart.com/product-category/88,456,,https://rasanmart.com/images/backend_images/products/small/henko-matic-top-load.jpg,https://rasanmart.com/product-details/1822,True,31
1055,Okhar Geda 500gm (Walnut ),8,Dry Fruits,https://rasanmart.com/product-category/8,275,,https://rasanmart.com/images/backend_images/products/small/47119.png,https://rasanmart.com/product-details/1055,True,32
1823,Garlic Powder 100gm,9,Masala & Spices,https://rasanmart.com/product-category/9,75,,https://rasanmart.com/images/backend_images/products/small/31-4.jpeg,https://rasanmart.com/product-details/1823,True,32
288,Himalaya Gentle Baby Soap 125 gm,87,Baby Care,https://rasanmart.com/product-category/87,160,,https://rasanmart.com/images/backend_images/products/small/himalaya-gentle-aby-soap-1.jpg,https://rasanmart.com/product-details/288,True,32
544,Makai ( Popcorn) 1kg,91,Grocery,https://rasanmart.com/product-category/91,120,130,https://rasanmart.com/images/backend_images/products/small/makai.jpg,https://rasanmart.com/product-details/544,True,32
800,Berlino Macroni Elbows (Yellow) 900gm,31,Noodles & Pasta,https://rasanmart.com/product-category/31,290,320,https://rasanmart.com/images/backend_images/products/small/93502.png,https://rasanmart.com/product-details/800,True,32
1056,Kanchenjunga Agarbatti 12pcs Box,89,Puja Essentials,https://rasanmart.com/product-category/89,380,,https://rasanmart.com/images/backend_images/products/small/rasan-mart-agarbatti-kanchanjunga.jpg,https://rasanmart.com/product-details/1056,True,32
1824,Ginger Powder 100gm,9,Masala & Spices,https://rasanmart.com/product-category/9,85,,https://rasanmart.com/images/backend_images/products/small/32-3.jpeg,https://rasanmart.com/product-details/1824,True,32
33,Dant kanti(Medicated)100g,86,Personal Care,https://rasanmart.com/product-category/86,75,,https://rasanmart.com/images/backend_images/products/small/dant-kant.gif,https://rasanmart.com/product-details/33,True,32
545,Cutting Mishree 200gm,8,Dry Fruits,https://rasanmart.com/product-category/8,32,,https://rasanmart.com/images/backend_images/products/small/53234.jpg,https://rasanmart.com/product-details/545,True,32
290,Himalaya Almond and Rose Soap 125gm,86,Personal Care,https://rasanmart.com/product-category/86,102,,https://rasanmart.com/images/backend_images/products/small/39534.jpg,https://rasanmart.com/product-details/290,True,32
1314,Dove Bar Pink 100GM,86,Personal Care,https://rasanmart.com/product-category/86,125,,https://rasanmart.com/images/backend_images/products/small/1-28.jpg,https://rasanmart.com/product-details/1314,True,32
547,Coconut 500gm,8,Dry Fruits,https://rasanmart.com/product-category/8,400,,https://rasanmart.com/images/backend_images/products/small/67860.jpeg,https://rasanmart.com/product-details/547,True,32
1827,Parle Krack Jack 100gm,20,Biscuit & Cookies,https://rasanmart.com/product-category/20,45,,https://rasanmart.com/images/backend_images/products/small/32726.png,https://rasanmart.com/product-details/1827,True,32
36,Dettol Antiseptic Liquid 550ml,86,Personal Care,https://rasanmart.com/product-category/86,426,,https://rasanmart.com/images/backend_images/products/small/Dettol-asl-500-ml.jpg,https://rasanmart.com/product-details/36,True,32
292,Himalaya Neem Facewash 150 ml,86,Personal Care,https://rasanmart.com/product-category/86,424,,https://rasanmart.com/images/backend_images/products/small/himalaya-purifying-neem-fac.jpg,https://rasanmart.com/product-details/292,True,32
548,Nebico Coconut Biscuit 75gm,20,Biscuit & Cookies,https://rasanmart.com/product-category/20,25,,https://rasanmart.com/images/backend_images/products/small/nebico-coconut-crunchees.jpg,https://rasanmart.com/product-details/548,True,32
804,Comfort Fabric Conditioner Lily Fresh Pink 860ml,86,Personal Care,https://rasanmart.com/product-category/86,375,,https://rasanmart.com/images/backend_images/products/small/2504.png,https://rasanmart.com/product-details/804,True,32
550,Patanjali Neem Tulsi Facewash 60g,86,Personal Care,https://rasanmart.com/product-category/86,80,,https://rasanmart.com/images/backend_images/products/small/patanjali-neem-and-tulsi.jpg,https://rasanmart.com/product-details/550,True,32
1062,Weikfield Custard Powder 100gm,51,Dairy & Bakery Products,https://rasanmart.com/product-category/51,68,,https://rasanmart.com/images/backend_images/products/small/32434.jpg,https://rasanmart.com/product-details/1062,True,32
1318,Vanish Liquid Oxi Action 800ml,88,Household,https://rasanmart.com/product-category/88,446,,https://rasanmart.com/images/backend_images/products/small/61.jpg,https://rasanmart.com/product-details/1318,True,32
39,Colgate Max Fresh Gel 150gm,86,Personal Care,https://rasanmart.com/product-category/86,175,,https://rasanmart.com/images/backend_images/products/small/colgate-maxfresh.gif,https://rasanmart.com/product-details/39,True,33
295,Rasna Fruit Orange 400 gm,15,"Tea, Coffee & Beverage",https://rasanmart.com/product-category/15,250,,https://rasanmart.com/images/backend_images/products/small/92669.jpg,https://rasanmart.com/product-details/295,True,33
551,Sensodyne Fresh Gel 150g,86,Personal Care,https://rasanmart.com/product-category/86,392,,https://rasanmart.com/images/backend_images/products/small/sensodyne-fresh-gel-130g.jpg,https://rasanmart.com/product-details/551,True,33
807,Priyagold Cheese Cracker 140gm,20,Biscuit & Cookies,https://rasanmart.com/product-category/20,65,70,https://rasanmart.com/images/backend_images/products/small/87552.png,https://rasanmart.com/product-details/807,True,33
1319,Himalaya Lip Balm 10gm,86,Personal Care,https://rasanmart.com/product-category/86,56,,https://rasanmart.com/images/backend_images/products/small/24-1.jpg,https://rasanmart.com/product-details/1319,True,33
40,Phapar Ko Pitho 500gm (fafar),35,"Atta, Maida & Suji",https://rasanmart.com/product-category/35,100,110,https://rasanmart.com/images/backend_images/products/small/Fafad-Ko-Pitho-1kg.jpg,https://rasanmart.com/product-details/40,True,33
552,Tokla Tea Bags 200g (100 Tea bags),15,"Tea, Coffee & Beverage",https://rasanmart.com/product-category/15,170,,https://rasanmart.com/images/backend_images/products/small/tokla-tea-bags-100bags.jpg,https://rasanmart.com/product-details/552,True,33
808,Priyagold Butter Delite 140gm,20,Biscuit & Cookies,https://rasanmart.com/product-category/20,70,,https://rasanmart.com/images/backend_images/products/small/87043.png,https://rasanmart.com/product-details/808,True,33
1064,Dabur Hajmola Pudina 120 Tab,91,Grocery,https://rasanmart.com/product-category/91,90,,https://rasanmart.com/images/backend_images/products/small/6-9.jpg,https://rasanmart.com/product-details/1064,True,33
1320,Lizol Floral 5Ltr,88,Household,https://rasanmart.com/product-category/88,1806,,https://rasanmart.com/images/backend_images/products/small/23-1.jpg,https://rasanmart.com/product-details/1320,True,33
297,All Out Ultra Refill 45 ml,88,Household,https://rasanmart.com/product-category/88,144,,https://rasanmart.com/images/backend_images/products/small/johns-all-out-ultra.jpg,https://rasanmart.com/product-details/297,True,33
1577,Bhanbhori Sesame Oil 630ml,12,Cooking Oil & Ghee,https://rasanmart.com/product-category/12,1137,,https://rasanmart.com/images/backend_images/products/small/68694.jpeg,https://rasanmart.com/product-details/1577,True,33
1833,Kaveri Mehendi Cone,86,Personal Care,https://rasanmart.com/product-category/86,15,,https://rasanmart.com/images/backend_images/products/small/2-58.jpeg,https://rasanmart.com/product-details/1833,True,33
554,Victory Jeera Geda 500g,9,Masala & Spices,https://rasanmart.com/product-category/9,340,451,https://rasanmart.com/images/backend_images/products/small/victory-jeera.jpg,https://rasanmart.com/product-details/554,True,33
1066,Dabur Hajmola Regular 120 Tab,91,Grocery,https://rasanmart.com/product-category/91,95,,https://rasanmart.com/images/backend_images/products/small/8-7.jpg,https://rasanmart.com/product-details/1066,True,33
1834,Kaveri Mehendi Cone 12pcs Box,86,Personal Care,https://rasanmart.com/product-category/86,165,,https://rasanmart.com/images/backend_images/products/small/3-50.jpeg,https://rasanmart.com/product-details/1834,True,33
299,Britannia Good Day 25gm,20,Biscuit & Cookies,https://rasanmart.com/product-category/20,10,,https://rasanmart.com/images/backend_images/products/small/britannia-good-day.jpg,https://rasanmart.com/product-details/299,True,33
555,Victory Turmeric Powder (Beshar Dhulo) 500gm,9,Masala & Spices,https://rasanmart.com/product-category/9,280,416,https://rasanmart.com/images/backend_images/products/small/victory-turmeric-powder.jpg,https://rasanmart.com/product-details/555,True,33
811,Parle Happy Happy 25g,20,Biscuit & Cookies,https://rasanmart.com/product-category/20,10,,https://rasanmart.com/images/backend_images/products/small/61767.png,https://rasanmart.com/product-details/811,True,33
1067,Dabur Hajmola Chatkola 120 Tab,91,Grocery,https://rasanmart.com/product-category/91,85,,https://rasanmart.com/images/backend_images/products/small/11-2.jpg,https://rasanmart.com/product-details/1067,True,33
44,Patanjali Popular Detergent Cake 220gm,88,Household,https://rasanmart.com/product-category/88,30,,https://rasanmart.com/images/backend_images/products/small/62110.jpg,https://rasanmart.com/product-details/44,True,34
1068,Everest Shahi Paneer Masala 100GM,9,Masala & Spices,https://rasanmart.com/product-category/9,273,,https://rasanmart.com/images/backend_images/products/small/10-4.jpg,https://rasanmart.com/product-details/1068,True,34
1836,Natraj Jumbo Colour Pencil 12 Units,88,Household,https://rasanmart.com/product-category/88,80,,https://rasanmart.com/images/backend_images/products/small/5-45.jpeg,https://rasanmart.com/product-details/1836,True,34
45,Patanjali Dant kanti 200g,86,Personal Care,https://rasanmart.com/product-category/86,165,170,https://rasanmart.com/images/backend_images/products/small/asdasd.jpg,https://rasanmart.com/product-details/45,True,34
557,Frozen Green Peas 1kg,90,Frozen Foods,https://rasanmart.com/product-category/90,290,340,https://rasanmart.com/images/backend_images/products/small/frozen-green-peas.jpg,https://rasanmart.com/product-details/557,True,34
813,Parle Bournbon 70gm,20,Biscuit & Cookies,https://rasanmart.com/product-category/20,30,,https://rasanmart.com/images/backend_images/products/small/85550.png,https://rasanmart.com/product-details/813,True,34
46,Head and Shoulders Cool Menthol 340ml,86,Personal Care,https://rasanmart.com/product-category/86,499,,https://rasanmart.com/images/backend_images/products/small/5-11-1.jpg,https://rasanmart.com/product-details/46,True,34
302,DDC Kanchan Cheese 200 gm,51,Dairy & Bakery Products,https://rasanmart.com/product-category/51,280,,https://rasanmart.com/images/backend_images/products/small/25-3.jpg,https://rasanmart.com/product-details/302,True,34
558,Frozen Sweet Corn 1kg,90,Frozen Foods,https://rasanmart.com/product-category/90,280,320,https://rasanmart.com/images/backend_images/products/small/frozen-sweet-corn.jpg,https://rasanmart.com/product-details/558,True,34
1582,Gud Powder 1kg,91,Grocery,https://rasanmart.com/product-category/91,160,,https://rasanmart.com/images/backend_images/products/small/90062.jpeg,https://rasanmart.com/product-details/1582,False,34
303,DDC Butter 200gm,51,Dairy & Bakery Products,https://rasanmart.com/product-category/51,480,,https://rasanmart.com/images/backend_images/products/small/ddc-butter.jpg,https://rasanmart.com/product-details/303,True,34
559,Mr. White detergent powder 3kg (Free1Kg),88,Household,https://rasanmart.com/product-category/88,696,,https://rasanmart.com/images/backend_images/products/small/02.png,https://rasanmart.com/product-details/559,True,34
1583,Bhuja Laddu 12pcs pkt,91,Grocery,https://rasanmart.com/product-category/91,60,,https://rasanmart.com/images/backend_images/products/small/4076.jpeg,https://rasanmart.com/product-details/1583,False,34
48,Head and Shoulders Smooth and Silky 340ml,86,Personal Care,https://rasanmart.com/product-category/86,499,,https://rasanmart.com/images/backend_images/products/small/9-3-1.jpg,https://rasanmart.com/product-details/48,True,34
304,Colgate Advanced Health 150 gm,86,Personal Care,https://rasanmart.com/product-category/86,285,,https://rasanmart.com/images/backend_images/products/small/16099.jpg,https://rasanmart.com/product-details/304,True,34
1584,Horlicks Junior Vanilla 500gm,11,Energy & Health,https://rasanmart.com/product-category/11,548,,https://rasanmart.com/images/backend_images/products/small/76469.jpeg,https://rasanmart.com/product-details/1584,True,34
49,Head and Shoulders Anti-Hairfall Shampoo 340ml,86,Personal Care,https://rasanmart.com/product-category/86,499,,https://rasanmart.com/images/backend_images/products/small/8-7-1.jpg,https://rasanmart.com/product-details/49,True,34
305,Saffola Oats Natural 900g,11,Energy & Health,https://rasanmart.com/product-category/11,475,,https://rasanmart.com/images/backend_images/products/small/saffola-oats-100-natural.jpg,https://rasanmart.com/product-details/305,True,34
817,Khiciya 500gm ( Chamal Ko Papad ),91,Grocery,https://rasanmart.com/product-category/91,250,,https://rasanmart.com/images/backend_images/products/small/13176.jpeg,https://rasanmart.com/product-details/817,True,34
50,Haldiram all in one 360g,52,Snacks & Sweets,https://rasanmart.com/product-category/52,284,,https://rasanmart.com/images/backend_images/products/small/all-in-one-dalmot.jpg,https://rasanmart.com/product-details/50,True,34
306,Saffola Oats Natural 400 gm,11,Energy & Health,https://rasanmart.com/product-category/11,225,,https://rasanmart.com/images/backend_images/products/small/saffola-oats-natural.jpg,https://rasanmart.com/product-details/306,True,35
562,Colgate Zigzag Medium Deep Cleaning in between teeth,86,Personal Care,https://rasanmart.com/product-category/86,48,,https://rasanmart.com/images/backend_images/products/small/34.png,https://rasanmart.com/product-details/562,True,35
818,Aloo Chips (Moto) 500gm,91,Grocery,https://rasanmart.com/product-category/91,250,,https://rasanmart.com/images/backend_images/products/small/4.png,https://rasanmart.com/product-details/818,True,35
1074,Boost Jar 500gm,11,Energy & Health,https://rasanmart.com/product-category/11,437,,https://rasanmart.com/images/backend_images/products/small/2-15.jpg,https://rasanmart.com/product-details/1074,True,35
1330,Cornitos Nachos Crisps Sizzlin Jalpeno 140gm,52,Snacks & Sweets,https://rasanmart.com/product-category/52,235,,https://rasanmart.com/images/backend_images/products/small/97780.jpg,https://rasanmart.com/product-details/1330,True,35
1586,Kiwi's Cheese balls 23gm,52,Snacks & Sweets,https://rasanmart.com/product-category/52,20,,https://rasanmart.com/images/backend_images/products/small/2368.jpeg,https://rasanmart.com/product-details/1586,True,35
563,Sensodyne Fresh Mint 150gm,86,Personal Care,https://rasanmart.com/product-category/86,392,,https://rasanmart.com/images/backend_images/products/small/38.png,https://rasanmart.com/product-details/563,True,35
819,Mangodi Lamo 500gm,91,Grocery,https://rasanmart.com/product-category/91,250,,https://rasanmart.com/images/backend_images/products/small/56094.png,https://rasanmart.com/product-details/819,True,35
1075,Dove Beauty Bar 100GM,86,Personal Care,https://rasanmart.com/product-category/86,125,,https://rasanmart.com/images/backend_images/products/small/22549.jpg,https://rasanmart.com/product-details/1075,True,35
1331,Cornitos Nachos Crisps Tomato Mexicana 140gm,52,Snacks & Sweets,https://rasanmart.com/product-category/52,235,,https://rasanmart.com/images/backend_images/products/small/21708.jpg,https://rasanmart.com/product-details/1331,True,35
52,Haldirams Khatta Meetha 360g,52,Snacks & Sweets,https://rasanmart.com/product-category/52,270,,https://rasanmart.com/images/backend_images/products/small/Haldiram’s-Khatta-Meetha-400g.jpeg,https://rasanmart.com/product-details/52,True,35
564,Dettol Antiseptic Liquid 1 Ltr,86,Personal Care,https://rasanmart.com/product-category/86,725,,https://rasanmart.com/images/backend_images/products/small/43.png,https://rasanmart.com/product-details/564,True,35
820,Golo Batti ( Home-Made ),89,Puja Essentials,https://rasanmart.com/product-category/89,160,,https://rasanmart.com/images/backend_images/products/small/80689.png,https://rasanmart.com/product-details/820,True,35
1844,Wheat Ramailo(Gahu) 1kg,91,Grocery,https://rasanmart.com/product-category/91,76,,https://rasanmart.com/images/backend_images/products/small/3-51.jpeg,https://rasanmart.com/product-details/1844,True,35
821,Lamo Batti,89,Puja Essentials,https://rasanmart.com/product-category/89,50,,https://rasanmart.com/images/backend_images/products/small/19412.png,https://rasanmart.com/product-details/821,True,35
1845,Guitha 11pcs set,89,Puja Essentials,https://rasanmart.com/product-category/89,110,,https://rasanmart.com/images/backend_images/products/small/4-55.jpeg,https://rasanmart.com/product-details/1845,True,35
54,Haldirams Moong Dal 360g,52,Snacks & Sweets,https://rasanmart.com/product-category/52,285,,https://rasanmart.com/images/backend_images/products/small/6337.jpg,https://rasanmart.com/product-details/54,True,35
822,Haldiram Soystik 150gm,52,Snacks & Sweets,https://rasanmart.com/product-category/52,107,,https://rasanmart.com/images/backend_images/products/small/6.png,https://rasanmart.com/product-details/822,True,35
55,Haldirams Plain Bhujia 360g,52,Snacks & Sweets,https://rasanmart.com/product-category/52,289,,https://rasanmart.com/images/backend_images/products/small/Rasnmart.jpg,https://rasanmart.com/product-details/55,True,35
311,Whisper Choice Ultra 6 Pads,86,Personal Care,https://rasanmart.com/product-category/86,80,85,https://rasanmart.com/images/backend_images/products/small/whisper-choice-ultra-xl-6-p.jpg,https://rasanmart.com/product-details/311,True,35
1079,Everest Tea Masala 100gm,9,Masala & Spices,https://rasanmart.com/product-category/9,368,,https://rasanmart.com/images/backend_images/products/small/20-1.jpg,https://rasanmart.com/product-details/1079,True,36
1080,Pantene Shampoo Silky Smooth Care 650ml,86,Personal Care,https://rasanmart.com/product-category/86,625,,https://rasanmart.com/images/backend_images/products/small/2-14-1.jpg,https://rasanmart.com/product-details/1080,True,36
1848,Pitambari 200gm,89,Puja Essentials,https://rasanmart.com/product-category/89,50,55,https://rasanmart.com/images/backend_images/products/small/1-53.jpeg,https://rasanmart.com/product-details/1848,True,36
57,Harpal Boiled Rice 20Kg,34,Rice & Rice Products,https://rasanmart.com/product-category/34,3300,3500,https://rasanmart.com/images/backend_images/products/small/49042.jpg,https://rasanmart.com/product-details/57,True,36
313,Whisper Ultra Nights XL+ 7 Pads,86,Personal Care,https://rasanmart.com/product-category/86,158,,https://rasanmart.com/images/backend_images/products/small/82187.jpg,https://rasanmart.com/product-details/313,True,36
1338,Garbage Bag Medium 30 Bags,88,Household,https://rasanmart.com/product-category/88,150,,https://rasanmart.com/images/backend_images/products/small/6-20-1.jpg,https://rasanmart.com/product-details/1338,True,36
59,Mass geda 1Kg,10,Dal & Pulses,https://rasanmart.com/product-category/10,205,,https://rasanmart.com/images/backend_images/products/small/665.png,https://rasanmart.com/product-details/59,True,36
1083,Head and Shoulders Anti-Hairfall 650ml,86,Personal Care,https://rasanmart.com/product-category/86,910,915,https://rasanmart.com/images/backend_images/products/small/7-8-1.jpg,https://rasanmart.com/product-details/1083,True,36
1595,Dabur Honey 250gm,11,Energy & Health,https://rasanmart.com/product-category/11,230,,https://rasanmart.com/images/backend_images/products/small/13384.jpeg,https://rasanmart.com/product-details/1595,True,36
572,Doonmalai Biryani Basmati Rice 5kg,34,Rice & Rice Products,https://rasanmart.com/product-category/34,1090,1150,https://rasanmart.com/images/backend_images/products/small/88.png,https://rasanmart.com/product-details/572,True,36
1084,Head and Shoulders Smooth and Silky 650ml,86,Personal Care,https://rasanmart.com/product-category/86,910,915,https://rasanmart.com/images/backend_images/products/small/4-11-1.jpg,https://rasanmart.com/product-details/1084,True,36
1596,Hulas Jeera Masino 25Kg,34,Rice & Rice Products,https://rasanmart.com/product-category/34,2450,2740,https://rasanmart.com/images/backend_images/products/small/36209.jpeg,https://rasanmart.com/product-details/1596,True,36
1852,Dalchini (Cinamon stick) 100gm,9,Masala & Spices,https://rasanmart.com/product-category/9,84,87,https://rasanmart.com/images/backend_images/products/small/6-44.jpeg,https://rasanmart.com/product-details/1852,True,36
573,Basket Baby Corn 425gm,90,Frozen Foods,https://rasanmart.com/product-category/90,95,,https://rasanmart.com/images/backend_images/products/small/96.png,https://rasanmart.com/product-details/573,False,36
1085,Head and Shoulders Cool Menthol 650ml,86,Personal Care,https://rasanmart.com/product-category/86,910,915,https://rasanmart.com/images/backend_images/products/small/6-9-1.jpg,https://rasanmart.com/product-details/1085,True,36
1086,Wai Wai Regular 30pcs Box,31,Noodles & Pasta,https://rasanmart.com/product-category/31,570,600,https://rasanmart.com/images/backend_images/products/small/2-16.jpg,https://rasanmart.com/product-details/1086,True,36
63,Kabli chana (White chick peas) 500gm,10,Dal & Pulses,https://rasanmart.com/product-category/10,94,,https://rasanmart.com/images/backend_images/products/small/kauli-chana.jpg,https://rasanmart.com/product-details/63,True,36
575,American Garden Pizza Sauce Classic 397gm,16,"Ketchup, Spreads & Jams",https://rasanmart.com/product-category/16,510,,https://rasanmart.com/images/backend_images/products/small/117.png,https://rasanmart.com/product-details/575,True,36
576,American Garden Traditional Pasta Sauce 397gm,16,"Ketchup, Spreads & Jams",https://rasanmart.com/product-category/16,510,,https://rasanmart.com/images/backend_images/products/small/118.png,https://rasanmart.com/product-details/576,True,36
1600,Colin Super Saver Refil 1ltr,88,Household,https://rasanmart.com/product-category/88,366,,https://rasanmart.com/images/backend_images/products/small/3929.jpg,https://rasanmart.com/product-details/1600,True,36
577,American Garden Vinegar Apple Cider 473ml,15,"Tea, Coffee & Beverage",https://rasanmart.com/product-category/15,250,,https://rasanmart.com/images/backend_images/products/small/119.png,https://rasanmart.com/product-details/577,True,37
1345,Cornitos Nachos Crisps Peri-Peri 140gm,52,Snacks & Sweets,https://rasanmart.com/product-category/52,235,,https://rasanmart.com/images/backend_images/products/small/68485.png,https://rasanmart.com/product-details/1345,True,37
578,Aarati Premium Rice 5kg,34,Rice & Rice Products,https://rasanmart.com/product-category/34,1050,1090,https://rasanmart.com/images/backend_images/products/small/114.png,https://rasanmart.com/product-details/578,True,37
834,Bhuteko Chana 200gm,52,Snacks & Sweets,https://rasanmart.com/product-category/52,70,80,https://rasanmart.com/images/backend_images/products/small/81545.png,https://rasanmart.com/product-details/834,True,37
579,Thakali Long Grain Rice 5kg,34,Rice & Rice Products,https://rasanmart.com/product-category/34,975,1000,https://rasanmart.com/images/backend_images/products/small/133.png,https://rasanmart.com/product-details/579,True,37
835,Finger Chips 500gm,52,Snacks & Sweets,https://rasanmart.com/product-category/52,65,75,https://rasanmart.com/images/backend_images/products/small/rasan-mart-fingerchips.jpg,https://rasanmart.com/product-details/835,True,37
324,Flax Seeds 200gm,11,Energy & Health,https://rasanmart.com/product-category/11,84,,https://rasanmart.com/images/backend_images/products/small/34620.jpeg,https://rasanmart.com/product-details/324,True,37
69,Harpal Indian Rich Rice 5Kg,34,Rice & Rice Products,https://rasanmart.com/product-category/34,920,1040,https://rasanmart.com/images/backend_images/products/small/1487.jpg,https://rasanmart.com/product-details/69,True,37
581,American Garden U.S Mustard 227gm,16,"Ketchup, Spreads & Jams",https://rasanmart.com/product-category/16,240,,https://rasanmart.com/images/backend_images/products/small/136.png,https://rasanmart.com/product-details/581,True,37
1861,Glow & Lovely BB Cream 40gm,86,Personal Care,https://rasanmart.com/product-category/86,316,,https://rasanmart.com/images/backend_images/products/small/14-20.jpeg,https://rasanmart.com/product-details/1861,True,37
70,Long grain rice (loose) 1kg,34,Rice & Rice Products,https://rasanmart.com/product-category/34,170,,https://rasanmart.com/images/backend_images/products/small/loose-long-grain-rice-300x300.jpg,https://rasanmart.com/product-details/70,True,37
326,Exo Bacto Scrub Pad,88,Household,https://rasanmart.com/product-category/88,23,,https://rasanmart.com/images/backend_images/products/small/EXO-bacto-scrub.jpg,https://rasanmart.com/product-details/326,True,37
582,Earthy Roots Chilli Flakes 34gm,9,Masala & Spices,https://rasanmart.com/product-category/9,179,,https://rasanmart.com/images/backend_images/products/small/11849.jpeg,https://rasanmart.com/product-details/582,True,37
1606,Thulo Elaichi 100gm,9,Masala & Spices,https://rasanmart.com/product-category/9,360,375,https://rasanmart.com/images/backend_images/products/small/26915.jpg,https://rasanmart.com/product-details/1606,True,37
71,Time Pass Chiura 1kg,34,Rice & Rice Products,https://rasanmart.com/product-category/34,120,140,https://rasanmart.com/images/backend_images/products/small/16-1.jpg,https://rasanmart.com/product-details/71,True,37
327,Exo Steel Scurbber,88,Household,https://rasanmart.com/product-category/88,23,,https://rasanmart.com/images/backend_images/products/small/exo-steel-dishwash-jali.jpg,https://rasanmart.com/product-details/327,True,37
328,Henko Stain Champion Bar 250 gm,88,Household,https://rasanmart.com/product-category/88,68,,https://rasanmart.com/images/backend_images/products/small/henko-stain-champion-bar-25.jpg,https://rasanmart.com/product-details/328,True,37
584,Tabasco Pepper Sauce 60ml,16,"Ketchup, Spreads & Jams",https://rasanmart.com/product-category/16,400,,https://rasanmart.com/images/backend_images/products/small/141.png,https://rasanmart.com/product-details/584,True,37
73,Aayo Nun (White Salt) 1kg,14,Sugar & Salt,https://rasanmart.com/product-category/14,26,,https://rasanmart.com/images/backend_images/products/small/salt.jpg,https://rasanmart.com/product-details/73,True,37
329,Henko Stain Champion Bar 400 gm,88,Household,https://rasanmart.com/product-category/88,108,,https://rasanmart.com/images/backend_images/products/small/henko-stain-champion-bar-40.jpg,https://rasanmart.com/product-details/329,True,37
585,Viva Italia Oregano 40g,9,Masala & Spices,https://rasanmart.com/product-category/9,165,,https://rasanmart.com/images/backend_images/products/small/138.png,https://rasanmart.com/product-details/585,True,38
1866,Pears Pure and Gentle 5Pcs X 125Gm,86,Personal Care,https://rasanmart.com/product-category/86,641,,https://rasanmart.com/images/backend_images/products/small/1-56.jpeg,https://rasanmart.com/product-details/1866,True,38
1867,Vim Liquid Lemon Pouch 1Ltr,88,Household,https://rasanmart.com/product-category/88,310,,https://rasanmart.com/images/backend_images/products/small/15-25.jpeg,https://rasanmart.com/product-details/1867,True,38
588,Harpal Boiled Rice 5Kg,34,Rice & Rice Products,https://rasanmart.com/product-category/34,890,1000,https://rasanmart.com/images/backend_images/products/small/1483.jpg,https://rasanmart.com/product-details/588,True,38
1868,Dettol Skincare Handwash Pump 200ml (175ml free),86,Personal Care,https://rasanmart.com/product-category/86,158,,https://rasanmart.com/images/backend_images/products/small/dettol-skin-care-handwash-pump-200ml.jpg,https://rasanmart.com/product-details/1868,True,38
1613,Dettol Sensitive Handwash Pump 200ml(175ml Free),86,Personal Care,https://rasanmart.com/product-category/86,158,,https://rasanmart.com/images/backend_images/products/small/5-26.jpg,https://rasanmart.com/product-details/1613,True,38
78,Patanjali Mustard Oil 1ltr,12,Cooking Oil & Ghee,https://rasanmart.com/product-category/12,370,,https://rasanmart.com/images/backend_images/products/small/92285.jpg,https://rasanmart.com/product-details/78,True,38
334,Borges Classic Olive Oil 2 Ltr,12,Cooking Oil & Ghee,https://rasanmart.com/product-category/12,6290,,https://rasanmart.com/images/backend_images/products/small/213.png,https://rasanmart.com/product-details/334,True,38
590,Wrapping Film For Foods 100Sqft,88,Household,https://rasanmart.com/product-category/88,160,,https://rasanmart.com/images/backend_images/products/small/151.png,https://rasanmart.com/product-details/590,True,38
846,Patanjali Coconut Oil 500ml Jar,86,Personal Care,https://rasanmart.com/product-category/86,399,,https://rasanmart.com/images/backend_images/products/small/56696.png,https://rasanmart.com/product-details/846,True,38
591,Straw Pipe 1pkt,88,Household,https://rasanmart.com/product-category/88,110,,https://rasanmart.com/images/backend_images/products/small/152.png,https://rasanmart.com/product-details/591,True,38
847,Himalaya Cucumber and Coconut Soap 125gm,86,Personal Care,https://rasanmart.com/product-category/86,92,,https://rasanmart.com/images/backend_images/products/small/83001.png,https://rasanmart.com/product-details/847,True,38
336,Ujala Supreme 75 ml,88,Household,https://rasanmart.com/product-category/88,51,,https://rasanmart.com/images/backend_images/products/small/UJALA.jpg,https://rasanmart.com/product-details/336,True,38
592,Aditya Birla Foil Paper Freshwrapp 200 Sqft,88,Household,https://rasanmart.com/product-category/88,990,,https://rasanmart.com/images/backend_images/products/small/153.png,https://rasanmart.com/product-details/592,True,38
848,Oreo Choclate Cream 50gm,20,Biscuit & Cookies,https://rasanmart.com/product-category/20,25,,https://rasanmart.com/images/backend_images/products/small/92787.png,https://rasanmart.com/product-details/848,True,38
1360,Chana Brown 500gm,10,Dal & Pulses,https://rasanmart.com/product-category/10,69,,https://rasanmart.com/images/backend_images/products/small/chana.jpg,https://rasanmart.com/product-details/1360,True,38
1616,Dettol Soap Skincare B4G1 125 gm,86,Personal Care,https://rasanmart.com/product-category/86,579,,https://rasanmart.com/images/backend_images/products/small/50365.png,https://rasanmart.com/product-details/1616,True,38
81,Lifebuoy Care 100gm,86,Personal Care,https://rasanmart.com/product-category/86,48,,https://rasanmart.com/images/backend_images/products/small/39-1.jpg,https://rasanmart.com/product-details/81,True,38
1105,Patanjali Haldi Chandan Kanti Body Cleanser 75gm,86,Personal Care,https://rasanmart.com/product-category/86,75,,https://rasanmart.com/images/backend_images/products/small/rasanmart-patanjali-haldichandan.jpg,https://rasanmart.com/product-details/1105,True,38
338,Whisper Ultra Nights 15 Pads (XXL),86,Personal Care,https://rasanmart.com/product-category/86,360,,https://rasanmart.com/images/backend_images/products/small/4-34.jpg,https://rasanmart.com/product-details/338,False,38
594,Victoria Instant Yeast 500gm,51,Dairy & Bakery Products,https://rasanmart.com/product-category/51,350,,https://rasanmart.com/images/backend_images/products/small/162.png,https://rasanmart.com/product-details/594,True,39
850,Britannia Tiger Krunch Choco Chips 25gm,20,Biscuit & Cookies,https://rasanmart.com/product-category/20,10,,https://rasanmart.com/images/backend_images/products/small/6199.png,https://rasanmart.com/product-details/850,True,39
1618,Vaseline Daily Brightening Body Lotion 400ml,86,Personal Care,https://rasanmart.com/product-category/86,490,,https://rasanmart.com/images/backend_images/products/small/1-30.jpg,https://rasanmart.com/product-details/1618,True,39
339,Whisper Ultra Clean 15 Pads (XL+),86,Personal Care,https://rasanmart.com/product-category/86,304,,https://rasanmart.com/images/backend_images/products/small/41433.jpg,https://rasanmart.com/product-details/339,True,39
851,Lapsi Powder 200gm,9,Masala & Spices,https://rasanmart.com/product-category/9,142,150,https://rasanmart.com/images/backend_images/products/small/2.jpg,https://rasanmart.com/product-details/851,True,39
1619,Enchanteur Romantic Perfumed Talc 200gm,86,Personal Care,https://rasanmart.com/product-category/86,295,,https://rasanmart.com/images/backend_images/products/small/2-35.jpg,https://rasanmart.com/product-details/1619,True,39
84,Lifebuoy Total 100 gm,86,Personal Care,https://rasanmart.com/product-category/86,48,,https://rasanmart.com/images/backend_images/products/small/37.jpg,https://rasanmart.com/product-details/84,True,39
1620,Enchanteur Romantic Talc powder 200gm,86,Personal Care,https://rasanmart.com/product-category/86,295,,https://rasanmart.com/images/backend_images/products/small/2-35.jpg,https://rasanmart.com/product-details/1620,True,39
85,Lux White 100gm,86,Personal Care,https://rasanmart.com/product-category/86,50,,https://rasanmart.com/images/backend_images/products/small/lux-velvet-touch-1.jpg,https://rasanmart.com/product-details/85,True,39
853,Sukeko Khursani 500gm (Piro),9,Masala & Spices,https://rasanmart.com/product-category/9,315,330,https://rasanmart.com/images/backend_images/products/small/5-1.png,https://rasanmart.com/product-details/853,True,39
1109,Dettol Plaster 100pcs Box,76,Health & Safety,https://rasanmart.com/product-category/76,400,,https://rasanmart.com/images/backend_images/products/small/rasan-mart-dettolbox.jpg,https://rasanmart.com/product-details/1109,True,39
1365,Scouring Pads King 4pcs,88,Household,https://rasanmart.com/product-category/88,150,,https://rasanmart.com/images/backend_images/products/small/rasan-mart-scourerpad.jpg,https://rasanmart.com/product-details/1365,True,39
598,Blue Cow Condensed Milk 390gm,51,Dairy & Bakery Products,https://rasanmart.com/product-category/51,216,,https://rasanmart.com/images/backend_images/products/small/191.png,https://rasanmart.com/product-details/598,True,39
854,Plastic Glass Medium 250ml (70pcs),88,Household,https://rasanmart.com/product-category/88,110,,https://rasanmart.com/images/backend_images/products/small/14-1.png,https://rasanmart.com/product-details/854,True,39
1366,Moli (Small),89,Puja Essentials,https://rasanmart.com/product-category/89,25,,https://rasanmart.com/images/backend_images/products/small/91104.png,https://rasanmart.com/product-details/1366,True,39
1622,Taichin Chamal Ko Pitho Masino 500gm,35,"Atta, Maida & Suji",https://rasanmart.com/product-category/35,100,,https://rasanmart.com/images/backend_images/products/small/19-6.jpg,https://rasanmart.com/product-details/1622,True,39
87,Lux Pink 95gm,86,Personal Care,https://rasanmart.com/product-category/86,50,,https://rasanmart.com/images/backend_images/products/small/lux-soft-touch-1.jpg,https://rasanmart.com/product-details/87,True,39
88,LifeBuoy Nature 95gm,86,Personal Care,https://rasanmart.com/product-category/86,48,,https://rasanmart.com/images/backend_images/products/small/38-1.jpg,https://rasanmart.com/product-details/88,True,39
600,Victory Coriander Powder (Dhaniya Dhulo) 500g,9,Masala & Spices,https://rasanmart.com/product-category/9,230,341,https://rasanmart.com/images/backend_images/products/small/198.png,https://rasanmart.com/product-details/600,True,39
1624,Druk Pineapple Slice 450gm,52,Snacks & Sweets,https://rasanmart.com/product-category/52,242,,https://rasanmart.com/images/backend_images/products/small/23-2-2.jpg,https://rasanmart.com/product-details/1624,True,39
601,Glysolid Cream 250ML,86,Personal Care,https://rasanmart.com/product-category/86,467,,https://rasanmart.com/images/backend_images/products/small/206.png,https://rasanmart.com/product-details/601,True,40
346,Ariel Detergent Matic Front Load 1 kg,88,Household,https://rasanmart.com/product-category/88,650,,https://rasanmart.com/images/backend_images/products/small/ariel-matic-front-load1-kg.jpg,https://rasanmart.com/product-details/346,True,40
858,Druk Mango Jam 500gm,16,"Ketchup, Spreads & Jams",https://rasanmart.com/product-category/16,207,,https://rasanmart.com/images/backend_images/products/small/26-1.png,https://rasanmart.com/product-details/858,True,40
91,Druk Vinegar 300ml,15,"Tea, Coffee & Beverage",https://rasanmart.com/product-category/15,55,,https://rasanmart.com/images/backend_images/products/small/80511.jpeg,https://rasanmart.com/product-details/91,True,40
347,Mr. Muscle Kitchen Cleaner 450 ml,88,Household,https://rasanmart.com/product-category/88,352,,https://rasanmart.com/images/backend_images/products/small/5420.jpg,https://rasanmart.com/product-details/347,True,40
859,Saccha Sabudana Masino 200gm,91,Grocery,https://rasanmart.com/product-category/91,80,,https://rasanmart.com/images/backend_images/products/small/27-1.png,https://rasanmart.com/product-details/859,True,40
1115,Sanjivani Herbal Tea 100gm,15,"Tea, Coffee & Beverage",https://rasanmart.com/product-category/15,180,,https://rasanmart.com/images/backend_images/products/small/rasan-mart-sanjivaniiherbaltea.jpg,https://rasanmart.com/product-details/1115,True,40
860,Dabur Lal Tail 100ml,86,Personal Care,https://rasanmart.com/product-category/86,170,,https://rasanmart.com/images/backend_images/products/small/28-1.png,https://rasanmart.com/product-details/860,True,40
1116,Timbur Powder 50gm,9,Masala & Spices,https://rasanmart.com/product-category/9,100,,https://rasanmart.com/images/backend_images/products/small/rasan-mart-timurdhulo.jpg,https://rasanmart.com/product-details/1116,True,40
93,Druk Tomato Ketchup 1kg,16,"Ketchup, Spreads & Jams",https://rasanmart.com/product-category/16,285,310,https://rasanmart.com/images/backend_images/products/small/24-3.jpg,https://rasanmart.com/product-details/93,True,40
349,Dranex Drain Cleaner 50 gm,88,Household,https://rasanmart.com/product-category/88,60,,https://rasanmart.com/images/backend_images/products/small/mr.-muscle-kiwi.jpg,https://rasanmart.com/product-details/349,True,40
94,Druk Green Chilli Sauce 500gm,16,"Ketchup, Spreads & Jams",https://rasanmart.com/product-category/16,145,,https://rasanmart.com/images/backend_images/products/small/27-2-1.jpg,https://rasanmart.com/product-details/94,True,40
350,Coca Cola 2.25 Ltr,15,"Tea, Coffee & Beverage",https://rasanmart.com/product-category/15,270,,https://rasanmart.com/images/backend_images/products/small/2.5-ltr.jpg,https://rasanmart.com/product-details/350,True,40
862,Parle Monaco 150gm,20,Biscuit & Cookies,https://rasanmart.com/product-category/20,50,,https://rasanmart.com/images/backend_images/products/small/36-1.png,https://rasanmart.com/product-details/862,True,40
1118,Cornitos Nacho Crisps Tikka Masala 140gm,52,Snacks & Sweets,https://rasanmart.com/product-category/52,225,,https://rasanmart.com/images/backend_images/products/small/rasan-mart-tikka.jpg,https://rasanmart.com/product-details/1118,True,40
351,Sprite 2.25 Ltr,15,"Tea, Coffee & Beverage",https://rasanmart.com/product-category/15,270,,https://rasanmart.com/images/backend_images/products/small/sprite-2.5-ml.jpg,https://rasanmart.com/product-details/351,True,40
863,Monaco Parle 25+9.8gm Free,20,Biscuit & Cookies,https://rasanmart.com/product-category/20,10,,https://rasanmart.com/images/backend_images/products/small/37-1.png,https://rasanmart.com/product-details/863,True,40
96,Druk Mixed Fruit Jam 500g,16,"Ketchup, Spreads & Jams",https://rasanmart.com/product-category/16,235,,https://rasanmart.com/images/backend_images/products/small/25-2-2.jpg,https://rasanmart.com/product-details/96,True,40
352,Fanta 2.25 Ltr,15,"Tea, Coffee & Beverage",https://rasanmart.com/product-category/15,270,,https://rasanmart.com/images/backend_images/products/small/fanta-2.5-ltr.jpg,https://rasanmart.com/product-details/352,True,40
864,Weikfield Cornflour 100gm,51,Dairy & Bakery Products,https://rasanmart.com/product-category/51,55,,https://rasanmart.com/images/backend_images/products/small/47-1.png,https://rasanmart.com/product-details/864,True,40
1888,Coca Cola 250ml,15,"Tea, Coffee & Beverage",https://rasanmart.com/product-category/15,50,,https://rasanmart.com/images/backend_images/products/small/7-40.jpeg,https://rasanmart.com/product-details/1888,True,41
97,Nescafe Classic Coffee (pouch) 45g,15,"Tea, Coffee & Beverage",https://rasanmart.com/product-category/15,345,392,https://rasanmart.com/images/backend_images/products/small/rasan-mart-nescafe.jpg,https://rasanmart.com/product-details/97,True,41
353,Maggi Atta Noodles 290 gm,31,Noodles & Pasta,https://rasanmart.com/product-category/31,280,,https://rasanmart.com/images/backend_images/products/small/Maggi-atta-masala.jpg,https://rasanmart.com/product-details/353,True,41
609,Dabur Amla Hair Oil 450ml,86,Personal Care,https://rasanmart.com/product-category/86,375,,https://rasanmart.com/images/backend_images/products/small/170.png,https://rasanmart.com/product-details/609,True,41
865,Everest Shahi Biryani Masala 50gm,9,Masala & Spices,https://rasanmart.com/product-category/9,221,,https://rasanmart.com/images/backend_images/products/small/48-1.png,https://rasanmart.com/product-details/865,True,41
1889,Fanta 250ml,15,"Tea, Coffee & Beverage",https://rasanmart.com/product-category/15,50,,https://rasanmart.com/images/backend_images/products/small/9-30.jpeg,https://rasanmart.com/product-details/1889,True,41
98,Nescafe Classic Coffee (jar) 45g,15,"Tea, Coffee & Beverage",https://rasanmart.com/product-category/15,376,,https://rasanmart.com/images/backend_images/products/small/rasan-mart-coffee.jpg,https://rasanmart.com/product-details/98,True,41
354,Everest Jaljira Powder 100 gm,9,Masala & Spices,https://rasanmart.com/product-category/9,170,,https://rasanmart.com/images/backend_images/products/small/everest-Jalira-powder.jpg,https://rasanmart.com/product-details/354,True,41
866,Jordan Toothbrush Ultra Soft Small Head,86,Personal Care,https://rasanmart.com/product-category/86,95,,https://rasanmart.com/images/backend_images/products/small/49.jpg,https://rasanmart.com/product-details/866,True,41
1122,Jeera Dhulo (Cumin Powder) 100gm,9,Masala & Spices,https://rasanmart.com/product-category/9,76,,https://rasanmart.com/images/backend_images/products/small/22646.jpg,https://rasanmart.com/product-details/1122,True,41
1634,Enchanteur Charming Perfumed Talc 200gm,86,Personal Care,https://rasanmart.com/product-category/86,295,,https://rasanmart.com/images/backend_images/products/small/9-16.jpg,https://rasanmart.com/product-details/1634,True,41
1890,Sprite 250ml,15,"Tea, Coffee & Beverage",https://rasanmart.com/product-category/15,50,,https://rasanmart.com/images/backend_images/products/small/6-47.jpeg,https://rasanmart.com/product-details/1890,True,41
355,Nescafe Classic Coffee 400 gm,15,"Tea, Coffee & Beverage",https://rasanmart.com/product-category/15,2240,,https://rasanmart.com/images/backend_images/products/small/nescafe-classic-400-gm.jpg,https://rasanmart.com/product-details/355,True,41
867,Tokla Masala Tea 1Kg Pouch,15,"Tea, Coffee & Beverage",https://rasanmart.com/product-category/15,597,625,https://rasanmart.com/images/backend_images/products/small/37096.jpg,https://rasanmart.com/product-details/867,True,41
1123,Dhaniya Dhulo (Coriander Powder) 100gm,9,Masala & Spices,https://rasanmart.com/product-category/9,35,,https://rasanmart.com/images/backend_images/products/small/58531.jpg,https://rasanmart.com/product-details/1123,True,41
1635,Enchanteur Alluring Perfumed Talc 200gm,86,Personal Care,https://rasanmart.com/product-category/86,295,,https://rasanmart.com/images/backend_images/products/small/8-22.jpg,https://rasanmart.com/product-details/1635,True,41
1891,Dettol Original Handwash Pump 200ml (175ml Free),86,Personal Care,https://rasanmart.com/product-category/86,158,,https://rasanmart.com/images/backend_images/products/small/8-38.jpeg,https://rasanmart.com/product-details/1891,True,41
100,Vanish Lig. Oxy Action 400ml,88,Household,https://rasanmart.com/product-category/88,248,,https://rasanmart.com/images/backend_images/products/small/61.jpg,https://rasanmart.com/product-details/100,True,41
356,Parle-G 500 gm,20,Biscuit & Cookies,https://rasanmart.com/product-category/20,100,,https://rasanmart.com/images/backend_images/products/small/31-2.jpg,https://rasanmart.com/product-details/356,True,41
612,Maggi Rich Tomato Ketchup 480gm,16,"Ketchup, Spreads & Jams",https://rasanmart.com/product-category/16,262,,https://rasanmart.com/images/backend_images/products/small/58206.jpg,https://rasanmart.com/product-details/612,True,41
1380,Moong Dal Non-Polish 1Kg,10,Dal & Pulses,https://rasanmart.com/product-category/10,208,,https://rasanmart.com/images/backend_images/products/small/80933.gif,https://rasanmart.com/product-details/1380,True,42
1636,Enchanteur Charming Talc Powder 200gm,86,Personal Care,https://rasanmart.com/product-category/86,295,,https://rasanmart.com/images/backend_images/products/small/9-16.jpg,https://rasanmart.com/product-details/1636,True,42
357,Parle Hide & Seek 82.5 gm,20,Biscuit & Cookies,https://rasanmart.com/product-category/20,50,,https://rasanmart.com/images/backend_images/products/small/39719.png,https://rasanmart.com/product-details/357,True,42
1381,Good Knight Gold Flash Refill 45ml,88,Household,https://rasanmart.com/product-category/88,136,,https://rasanmart.com/images/backend_images/products/small/68488.jpg,https://rasanmart.com/product-details/1381,True,42
102,Cherry Paste Polish Black 40 GM,88,Household,https://rasanmart.com/product-category/88,148,,https://rasanmart.com/images/backend_images/products/small/Cherry.jpg,https://rasanmart.com/product-details/102,True,42
614,Henko Matic Front Load 2kg,88,Household,https://rasanmart.com/product-category/88,928,1048,https://rasanmart.com/images/backend_images/products/small/14-12.jpg,https://rasanmart.com/product-details/614,True,42
1382,Cutting Mishree 500gm,8,Dry Fruits,https://rasanmart.com/product-category/8,80,,https://rasanmart.com/images/backend_images/products/small/7503.jpg,https://rasanmart.com/product-details/1382,True,42
103,Wai Wai Veg Noodles,31,Noodles & Pasta,https://rasanmart.com/product-category/31,20,,https://rasanmart.com/images/backend_images/products/small/59-1.jpg,https://rasanmart.com/product-details/103,True,42
615,Rakura Green Tea Peppermint 25bags,15,"Tea, Coffee & Beverage",https://rasanmart.com/product-category/15,289,,https://rasanmart.com/images/backend_images/products/small/239.png,https://rasanmart.com/product-details/615,True,42
1127,Ripuraj SonaShakti Sonam Jeera Rice 20Kg,34,Rice & Rice Products,https://rasanmart.com/product-category/34,2499,2880,https://rasanmart.com/images/backend_images/products/small/11396.png,https://rasanmart.com/product-details/1127,True,42
104,Colin Trigger Regular 500 ml,88,Household,https://rasanmart.com/product-category/88,192,,https://rasanmart.com/images/backend_images/products/small/82743.jpg,https://rasanmart.com/product-details/104,True,42
360,Lotte ChocoPie Premium Quality (6 Packs x 25 gm ),52,Snacks & Sweets,https://rasanmart.com/product-category/52,145,,https://rasanmart.com/images/backend_images/products/small/lotte-choco-pie-red.jpg,https://rasanmart.com/product-details/360,True,42
872,Mr. White Powder 7kg,88,Household,https://rasanmart.com/product-category/88,1160,,https://rasanmart.com/images/backend_images/products/small/78583.png,https://rasanmart.com/product-details/872,True,42
1128,Panch Foran (SM)100gm,9,Masala & Spices,https://rasanmart.com/product-category/9,60,,https://rasanmart.com/images/backend_images/products/small/95521.jpg,https://rasanmart.com/product-details/1128,True,42
1384,Flax Seeds 500gm,11,Energy & Health,https://rasanmart.com/product-category/11,190,195,https://rasanmart.com/images/backend_images/products/small/90429.jpeg,https://rasanmart.com/product-details/1384,True,42
105,Lizol Floral 500ml,88,Household,https://rasanmart.com/product-category/88,206,,https://rasanmart.com/images/backend_images/products/small/lizol-germ.gif,https://rasanmart.com/product-details/105,True,42
361,Fortune Rice Bran Oil 5 Ltr,12,Cooking Oil & Ghee,https://rasanmart.com/product-category/12,1935,,https://rasanmart.com/images/backend_images/products/small/78083.jpg,https://rasanmart.com/product-details/361,False,42
873,Everest Dry Mango Powder 100gm,9,Masala & Spices,https://rasanmart.com/product-category/9,268,,https://rasanmart.com/images/backend_images/products/small/32336.png,https://rasanmart.com/product-details/873,True,42
106,Nescafe Classic Coffee Jar 24g,15,"Tea, Coffee & Beverage",https://rasanmart.com/product-category/15,198,,https://rasanmart.com/images/backend_images/products/small/rasan-mart-nescafecoffeee.jpg,https://rasanmart.com/product-details/106,True,42
362,Pissa Atta 5 kg,35,"Atta, Maida & Suji",https://rasanmart.com/product-category/35,425,460,https://rasanmart.com/images/backend_images/products/small/pisha-atta.gif,https://rasanmart.com/product-details/362,True,42
618,Britannia Sugar Free Digestive 200g,20,Biscuit & Cookies,https://rasanmart.com/product-category/20,190,,https://rasanmart.com/images/backend_images/products/small/242-1.png,https://rasanmart.com/product-details/618,True,43
874,Everest Pani Puri Masala 50gm,9,Masala & Spices,https://rasanmart.com/product-category/9,111,,https://rasanmart.com/images/backend_images/products/small/71699.png,https://rasanmart.com/product-details/874,True,43
1642,Jowar Atta (Sorghum Flour) 500gm,35,"Atta, Maida & Suji",https://rasanmart.com/product-category/35,95,,https://rasanmart.com/images/backend_images/products/small/1-31.jpg,https://rasanmart.com/product-details/1642,True,43
363,Horlicks Chocolates 500 gm,11,Energy & Health,https://rasanmart.com/product-category/11,445,,https://rasanmart.com/images/backend_images/products/small/horlicks-chocolate.jpg,https://rasanmart.com/product-details/363,True,43
875,Everest Pav Bhaji Masala 100gm,9,Masala & Spices,https://rasanmart.com/product-category/9,249,,https://rasanmart.com/images/backend_images/products/small/68.png,https://rasanmart.com/product-details/875,True,43
1643,Victory Saunf 500gm,9,Masala & Spices,https://rasanmart.com/product-category/9,580,704,https://rasanmart.com/images/backend_images/products/small/victory-souff.jpg,https://rasanmart.com/product-details/1643,True,43
1899,Sugar Free Natura 100 Pellets,14,Sugar & Salt,https://rasanmart.com/product-category/14,120,,https://rasanmart.com/images/backend_images/products/small/23-9.jpeg,https://rasanmart.com/product-details/1899,True,43
108,Kelloggs Chocos 385g,11,Energy & Health,https://rasanmart.com/product-category/11,399,,https://rasanmart.com/images/backend_images/products/small/1766.jpg,https://rasanmart.com/product-details/108,True,43
1644,Alpha Home 3 in 1 Vaporizer Steamer & Facial,76,Health & Safety,https://rasanmart.com/product-category/76,300,,https://rasanmart.com/images/backend_images/products/small/2-37.jpg,https://rasanmart.com/product-details/1644,True,43
109,Kelloggs CornFlakes 475g,11,Energy & Health,https://rasanmart.com/product-category/11,299,,https://rasanmart.com/images/backend_images/products/small/44-1.jpg,https://rasanmart.com/product-details/109,True,43
365,Rakura Supreme English Breakfast Tea 500 gm,15,"Tea, Coffee & Beverage",https://rasanmart.com/product-category/15,429,,https://rasanmart.com/images/backend_images/products/small/43387.jpg,https://rasanmart.com/product-details/365,True,43
877,Kellogg's Oats 850gm,11,Energy & Health,https://rasanmart.com/product-category/11,530,,https://rasanmart.com/images/backend_images/products/small/1313.jpeg,https://rasanmart.com/product-details/877,True,43
1645,Dhoni Cover Soap White,88,Household,https://rasanmart.com/product-category/88,40,,https://rasanmart.com/images/backend_images/products/small/78032.jpeg,https://rasanmart.com/product-details/1645,True,43
622,Borges Hair Olive Oil 250ml,86,Personal Care,https://rasanmart.com/product-category/86,990,,https://rasanmart.com/images/backend_images/products/small/257.png,https://rasanmart.com/product-details/622,True,43
1646,Cherry Handy Shine,88,Household,https://rasanmart.com/product-category/88,140,,https://rasanmart.com/images/backend_images/products/small/4-30.jpg,https://rasanmart.com/product-details/1646,True,43
111,BMC Meat Masala 100gm,9,Masala & Spices,https://rasanmart.com/product-category/9,130,135,https://rasanmart.com/images/backend_images/products/small/8-20-2.jpg,https://rasanmart.com/product-details/111,True,43
367,Rasna Mango 400 gm,15,"Tea, Coffee & Beverage",https://rasanmart.com/product-category/15,250,,https://rasanmart.com/images/backend_images/products/small/35146.jpg,https://rasanmart.com/product-details/367,True,43
623,Borges Baby Olive Oil 250ml,87,Baby Care,https://rasanmart.com/product-category/87,550,,https://rasanmart.com/images/backend_images/products/small/256.png,https://rasanmart.com/product-details/623,True,43
624,Kellogg's Chocos 1100gm,11,Energy & Health,https://rasanmart.com/product-category/11,899,1050,https://rasanmart.com/images/backend_images/products/small/40029.jpg,https://rasanmart.com/product-details/624,True,43
1136,Weikfield Drinking Chocolate 500gm,51,Dairy & Bakery Products,https://rasanmart.com/product-category/51,650,,https://rasanmart.com/images/backend_images/products/small/rasan-mart-weikfield-drinking-choclate.jpg,https://rasanmart.com/product-details/1136,True,43
625,Masoor Geda 500gm,10,Dal & Pulses,https://rasanmart.com/product-category/10,80,,https://rasanmart.com/images/backend_images/products/small/267.png,https://rasanmart.com/product-details/625,True,44
881,Jwano S.M 500gm,9,Masala & Spices,https://rasanmart.com/product-category/9,360,,https://rasanmart.com/images/backend_images/products/small/86.png,https://rasanmart.com/product-details/881,True,44
114,Lali Gurans Special Masala Tea 1kg,15,"Tea, Coffee & Beverage",https://rasanmart.com/product-category/15,600,700,https://rasanmart.com/images/backend_images/products/small/40.jpg,https://rasanmart.com/product-details/114,True,44
882,Wai Wai Quick Veg 1 Box (30pcs),31,Noodles & Pasta,https://rasanmart.com/product-category/31,570,600,https://rasanmart.com/images/backend_images/products/small/87.png,https://rasanmart.com/product-details/882,True,44
115,Tokla Gold Tea 1kg,15,"Tea, Coffee & Beverage",https://rasanmart.com/product-category/15,590,600,https://rasanmart.com/images/backend_images/products/small/66-1-1.jpg,https://rasanmart.com/product-details/115,True,44
627,Dabur Chyawanprash Sugar Free 500g,11,Energy & Health,https://rasanmart.com/product-category/11,385,,https://rasanmart.com/images/backend_images/products/small/147.png,https://rasanmart.com/product-details/627,True,44
883,Methi S.M  500gm (Fenugreek),9,Masala & Spices,https://rasanmart.com/product-category/9,125,130,https://rasanmart.com/images/backend_images/products/small/80156.png,https://rasanmart.com/product-details/883,True,44
1139,Berlino Sewai Plain 150gm,91,Grocery,https://rasanmart.com/product-category/91,40,,https://rasanmart.com/images/backend_images/products/small/rasan-mart-berlinosewai.jpg,https://rasanmart.com/product-details/1139,True,44
116,Tokla Gold Tea 500g,15,"Tea, Coffee & Beverage",https://rasanmart.com/product-category/15,300,310,https://rasanmart.com/images/backend_images/products/small/57-1.jpg,https://rasanmart.com/product-details/116,True,44
884,Mass Geda 500gm,10,Dal & Pulses,https://rasanmart.com/product-category/10,103,,https://rasanmart.com/images/backend_images/products/small/7-1.png,https://rasanmart.com/product-details/884,True,44
117,Tokla Masala Tea 500g,15,"Tea, Coffee & Beverage",https://rasanmart.com/product-category/15,298,325,https://rasanmart.com/images/backend_images/products/small/96195.jpg,https://rasanmart.com/product-details/117,True,44
630,Himalaya Baby Cream 200ml,87,Baby Care,https://rasanmart.com/product-category/87,448,,https://rasanmart.com/images/backend_images/products/small/himalaya-baby-cream.jpg,https://rasanmart.com/product-details/630,True,44
1142,Maxichoco White Compound 500gm (WC W33),51,Dairy & Bakery Products,https://rasanmart.com/product-category/51,500,,https://rasanmart.com/images/backend_images/products/small/41220.png,https://rasanmart.com/product-details/1142,True,44
887,Himalaya Complete Care Toothpaste 150gm,86,Personal Care,https://rasanmart.com/product-category/86,192,,https://rasanmart.com/images/backend_images/products/small/50.jpg,https://rasanmart.com/product-details/887,True,44
120,Bourn Vita Jar 1kg,11,Energy & Health,https://rasanmart.com/product-category/11,805,,https://rasanmart.com/images/backend_images/products/small/03.png,https://rasanmart.com/product-details/120,False,44
888,Himalaya Complete Sparking White Toothpaste 150gm,86,Personal Care,https://rasanmart.com/product-category/86,176,,https://rasanmart.com/images/backend_images/products/small/51.jpg,https://rasanmart.com/product-details/888,True,44
1400,Colgate Active Salt Toothpaste 100gm,86,Personal Care,https://rasanmart.com/product-category/86,121,,https://rasanmart.com/images/backend_images/products/small/94078.gif,https://rasanmart.com/product-details/1400,True,44
377,Whisper Ultra Clean XL + 7 pads,87,Baby Care,https://rasanmart.com/product-category/87,144,,https://rasanmart.com/images/backend_images/products/small/10921.webp,https://rasanmart.com/product-details/377,True,44
889,Bikaji Subkuch 350gm,52,Snacks & Sweets,https://rasanmart.com/product-category/52,210,,https://rasanmart.com/images/backend_images/products/small/1-24-1.jpg,https://rasanmart.com/product-details/889,True,44
122,Bournvita Pouch 500g,11,Energy & Health,https://rasanmart.com/product-category/11,432,,https://rasanmart.com/images/backend_images/products/small/30-3.jpg,https://rasanmart.com/product-details/122,False,44
378,Johnson's Baby Shampoo 200 ml,87,Baby Care,https://rasanmart.com/product-category/87,340,,https://rasanmart.com/images/backend_images/products/small/johnsons-baby-shampoo-200-.jpg,https://rasanmart.com/product-details/378,True,45
1402,Ezee Liquid Detergent 1Kg,88,Household,https://rasanmart.com/product-category/88,360,,https://rasanmart.com/images/backend_images/products/small/25980.gif,https://rasanmart.com/product-details/1402,True,45
379,Johnson's Baby Shampoo 100 ml,87,Baby Care,https://rasanmart.com/product-category/87,177,,https://rasanmart.com/images/backend_images/products/small/johnsons-baby-shampoo-100-.jpg,https://rasanmart.com/product-details/379,True,45
635,Nilon's Garlic Paste 180gm,91,Grocery,https://rasanmart.com/product-category/91,100,,https://rasanmart.com/images/backend_images/products/small/1-6.jpg,https://rasanmart.com/product-details/635,True,45
891,Khajurico Puff,20,Biscuit & Cookies,https://rasanmart.com/product-category/20,70,,https://rasanmart.com/images/backend_images/products/small/41-2.jpg,https://rasanmart.com/product-details/891,True,45
1915,Shivaji Original Sambarani Cup Dhup 12cups,89,Puja Essentials,https://rasanmart.com/product-category/89,120,,https://rasanmart.com/images/backend_images/products/small/4-62.jpeg,https://rasanmart.com/product-details/1915,True,45
380,Johnson's Baby Oil 200 ml,87,Baby Care,https://rasanmart.com/product-category/87,384,,https://rasanmart.com/images/backend_images/products/small/johnsons-baby-oil-150-ml.jpg,https://rasanmart.com/product-details/380,True,45
892,Himalaya Baby Massage Oil 200ml,87,Baby Care,https://rasanmart.com/product-category/87,336,,https://rasanmart.com/images/backend_images/products/small/Rasan_mart_for_web-01.jpg,https://rasanmart.com/product-details/892,True,45
1404,Patanjali Detergent Power Popular 750gm,88,Household,https://rasanmart.com/product-category/88,90,,https://rasanmart.com/images/backend_images/products/small/40733.jpeg,https://rasanmart.com/product-details/1404,True,45
381,Johnson's Baby Cream 100 gm,87,Baby Care,https://rasanmart.com/product-category/87,344,,https://rasanmart.com/images/backend_images/products/small/johnsons-baby-cream-100-g.jpg,https://rasanmart.com/product-details/381,True,45
126,Hulas Premium Basmati Rice 5Kg,34,Rice & Rice Products,https://rasanmart.com/product-category/34,810,855,https://rasanmart.com/images/backend_images/products/small/hulas-premium-basmati-rice-1.jpg,https://rasanmart.com/product-details/126,True,45
382,Johnson's Baby Milk Cream 100 gm,87,Baby Care,https://rasanmart.com/product-category/87,320,,https://rasanmart.com/images/backend_images/products/small/johnsons-baby-milk-cream-1.jpg,https://rasanmart.com/product-details/382,True,45
638,Borges Extra Virgin Olive Oil 500ml,12,Cooking Oil & Ghee,https://rasanmart.com/product-category/12,1890,,https://rasanmart.com/images/backend_images/products/small/borges-extra-virgin.jpg,https://rasanmart.com/product-details/638,True,45
894,Tide Big Bar 250gm,88,Household,https://rasanmart.com/product-category/88,48,,https://rasanmart.com/images/backend_images/products/small/Rasan_mart_for_web-10.jpg,https://rasanmart.com/product-details/894,True,45
1406,Pepsodent Germi Check 100gm,86,Personal Care,https://rasanmart.com/product-category/86,90,,https://rasanmart.com/images/backend_images/products/small/55870.gif,https://rasanmart.com/product-details/1406,True,45
639,India Gate Quoina 500gm,11,Energy & Health,https://rasanmart.com/product-category/11,360,,https://rasanmart.com/images/backend_images/products/small/quinoa.png,https://rasanmart.com/product-details/639,True,45
895,Kissan Fresh Tomato Ketchup 500gm,16,"Ketchup, Spreads & Jams",https://rasanmart.com/product-category/16,179,,https://rasanmart.com/images/backend_images/products/small/41154.jpeg,https://rasanmart.com/product-details/895,True,45
1151,Patanjali Super Dishwash Bar 150gm,88,Household,https://rasanmart.com/product-category/88,20,,https://rasanmart.com/images/backend_images/products/small/92866.jpeg,https://rasanmart.com/product-details/1151,True,45
1407,Pepsodent Herbal Toothpaste 75gm,86,Personal Care,https://rasanmart.com/product-category/86,65,,https://rasanmart.com/images/backend_images/products/small/99541.gif,https://rasanmart.com/product-details/1407,True,45
128,Pearl Premium Jeera Masino Rice 25kg,34,Rice & Rice Products,https://rasanmart.com/product-category/34,2499,2550,https://rasanmart.com/images/backend_images/products/small/1142.jpg,https://rasanmart.com/product-details/128,True,45
385,Henko Stain Champion 4Kg,88,Household,https://rasanmart.com/product-category/88,1056,,https://rasanmart.com/images/backend_images/products/small/13966.png,https://rasanmart.com/product-details/385,True,46
642,Bikaji Kuch Kuch 350gm,52,Snacks & Sweets,https://rasanmart.com/product-category/52,250,265,https://rasanmart.com/images/backend_images/products/small/kuch-kuch.png,https://rasanmart.com/product-details/642,True,46
131,Gyan Chakki Atta 5Kg,35,"Atta, Maida & Suji",https://rasanmart.com/product-category/35,435,490,https://rasanmart.com/images/backend_images/products/small/27718.png,https://rasanmart.com/product-details/131,True,46
132,Gyan Maida 2kg,35,"Atta, Maida & Suji",https://rasanmart.com/product-category/35,210,,https://rasanmart.com/images/backend_images/products/small/gyan-maida.jpg,https://rasanmart.com/product-details/132,True,46
388,Musuro Dal (sano) 1 kg,10,Dal & Pulses,https://rasanmart.com/product-category/10,198,,https://rasanmart.com/images/backend_images/products/small/musuro-dal-sano.jpg,https://rasanmart.com/product-details/388,False,46
1668,Godrej Easy 5 Minute Hair Colour Black Shampoo Based 20ml,86,Personal Care,https://rasanmart.com/product-category/86,46,,https://rasanmart.com/images/backend_images/products/small/46685.jpg,https://rasanmart.com/product-details/1668,True,46
1157,Timbur Geda 50gm,9,Masala & Spices,https://rasanmart.com/product-category/9,91,,https://rasanmart.com/images/backend_images/products/small/rasan-mart-timburgeda.jpg,https://rasanmart.com/product-details/1157,True,46
1669,Glass Cleaner Jar 5ltr,88,Household,https://rasanmart.com/product-category/88,370,,https://rasanmart.com/images/backend_images/products/small/65176.jpg,https://rasanmart.com/product-details/1669,True,46
134,Aashirbad Suji 500g,35,"Atta, Maida & Suji",https://rasanmart.com/product-category/35,68,,https://rasanmart.com/images/backend_images/products/small/suji.jpg,https://rasanmart.com/product-details/134,True,46
646,Bush Tomato Red Powder Food Colour 100gm,9,Masala & Spices,https://rasanmart.com/product-category/9,175,,https://rasanmart.com/images/backend_images/products/small/tomato.png,https://rasanmart.com/product-details/646,True,46
902,McCain Super Wedges 400gm,90,Frozen Foods,https://rasanmart.com/product-category/90,285,,https://rasanmart.com/images/backend_images/products/small/for-website-16.jpg,https://rasanmart.com/product-details/902,True,46
135,Rahar Dal (Non-polish) 500gm,10,Dal & Pulses,https://rasanmart.com/product-category/10,113,,https://rasanmart.com/images/backend_images/products/small/38007.gif,https://rasanmart.com/product-details/135,True,46
391,Dove Shampoo Intense Repair 325 ml,86,Personal Care,https://rasanmart.com/product-category/86,360,370,https://rasanmart.com/images/backend_images/products/small/dove-intense-repair.jpg,https://rasanmart.com/product-details/391,True,46
903,McCain Smiles 415gm,90,Frozen Foods,https://rasanmart.com/product-category/90,365,,https://rasanmart.com/images/backend_images/products/small/for-website-13.jpg,https://rasanmart.com/product-details/903,True,46
1159,Seto Marich Dhulo 100gm,9,Masala & Spices,https://rasanmart.com/product-category/9,370,375,https://rasanmart.com/images/backend_images/products/small/rasan-mart-setomarichdhulo.jpg,https://rasanmart.com/product-details/1159,True,46
904,McCain Veggie Nuggets 325gm,90,Frozen Foods,https://rasanmart.com/product-category/90,340,,https://rasanmart.com/images/backend_images/products/small/for-website-15.jpg,https://rasanmart.com/product-details/904,True,46
137,Maas Dal Medium(Lentils) 500gm,10,Dal & Pulses,https://rasanmart.com/product-category/10,99,,https://rasanmart.com/images/backend_images/products/small/maas-ko-dal-1.jpg,https://rasanmart.com/product-details/137,True,46
393,Dove Conditioner Hair Fall Rescue 320 ml,86,Personal Care,https://rasanmart.com/product-category/86,425,,https://rasanmart.com/images/backend_images/products/small/35193.png,https://rasanmart.com/product-details/393,True,46
905,McCain Chilli Garlic Potato Bites 420gm,90,Frozen Foods,https://rasanmart.com/product-category/90,350,,https://rasanmart.com/images/backend_images/products/small/for-website-14.jpg,https://rasanmart.com/product-details/905,True,46
1161,Garam Masala Dhulo 100gm,9,Masala & Spices,https://rasanmart.com/product-category/9,210,,https://rasanmart.com/images/backend_images/products/small/rasan-mart-garammasala.jpg,https://rasanmart.com/product-details/1161,True,46
1929,Toothpick pkt,88,Household,https://rasanmart.com/product-category/88,10,,https://rasanmart.com/images/backend_images/products/small/tooth-2-Copy.png,https://rasanmart.com/product-details/1929,True,47
138,Rajma 500g,10,Dal & Pulses,https://rasanmart.com/product-category/10,125,,https://rasanmart.com/images/backend_images/products/small/rajma.jpg,https://rasanmart.com/product-details/138,True,47
394,Dove Shampoo NOC 625ml,86,Personal Care,https://rasanmart.com/product-category/86,685,,https://rasanmart.com/images/backend_images/products/small/dove-nourishing-oil.jpg,https://rasanmart.com/product-details/394,True,47
650,Star Powder 800gm,88,Household,https://rasanmart.com/product-category/88,40,50,https://rasanmart.com/images/backend_images/products/small/71-1.jpg,https://rasanmart.com/product-details/650,True,47
906,McCain Potato Cheese Shotz 250gm,90,Frozen Foods,https://rasanmart.com/product-category/90,450,,https://rasanmart.com/images/backend_images/products/small/for-website-12.jpg,https://rasanmart.com/product-details/906,True,47
139,Bodi 500gm,10,Dal & Pulses,https://rasanmart.com/product-category/10,85,,https://rasanmart.com/images/backend_images/products/small/1137.jpeg,https://rasanmart.com/product-details/139,True,47
395,Saunf 100gm,9,Masala & Spices,https://rasanmart.com/product-category/9,52,,https://rasanmart.com/images/backend_images/products/small/saunf.jpg,https://rasanmart.com/product-details/395,True,47
140,Chana Dal (Split Bengal Gram) 500gm,10,Dal & Pulses,https://rasanmart.com/product-category/10,76,,https://rasanmart.com/images/backend_images/products/small/99016.jpeg,https://rasanmart.com/product-details/140,True,47
396,Patanjali Aloe Vera Juice 1 Ltr,11,Energy & Health,https://rasanmart.com/product-category/11,350,,https://rasanmart.com/images/backend_images/products/small/patanjali-aloe-vera-juice.jpg,https://rasanmart.com/product-details/396,True,47
908,McCain French Fries 400gm,90,Frozen Foods,https://rasanmart.com/product-category/90,325,,https://rasanmart.com/images/backend_images/products/small/for-website-11.jpg,https://rasanmart.com/product-details/908,True,47
1164,Horlicks Women's Choclate 400gm,11,Energy & Health,https://rasanmart.com/product-category/11,568,,https://rasanmart.com/images/backend_images/products/small/rasan-mart-womenschoclatehorlicks.jpg,https://rasanmart.com/product-details/1164,True,47
141,Moong Khosta Dal (Lentils) 500g,10,Dal & Pulses,https://rasanmart.com/product-category/10,105,,https://rasanmart.com/images/backend_images/products/small/moong-khosta.jpg,https://rasanmart.com/product-details/141,True,47
653,Mr.Magic Power To Liquid Handwash Refill,86,Personal Care,https://rasanmart.com/product-category/86,16,,https://rasanmart.com/images/backend_images/products/small/98779.jpg,https://rasanmart.com/product-details/653,True,47
909,Welcome Royal Assam Tea 500gm,15,"Tea, Coffee & Beverage",https://rasanmart.com/product-category/15,360,400,https://rasanmart.com/images/backend_images/products/small/for-website-03.jpg,https://rasanmart.com/product-details/909,True,47
142,Moong Chhata Dal (Lentils) 500gm,10,Dal & Pulses,https://rasanmart.com/product-category/10,103,,https://rasanmart.com/images/backend_images/products/small/37085.jpeg,https://rasanmart.com/product-details/142,True,47
398,Thakali Sonam Rice 20 kg,34,Rice & Rice Products,https://rasanmart.com/product-category/34,2290,2550,https://rasanmart.com/images/backend_images/products/small/thakali-gold-jasmine-sonam-.jpg,https://rasanmart.com/product-details/398,True,47
143,Britannia Suji Toast Wheat Rusk 305gm,20,Biscuit & Cookies,https://rasanmart.com/product-category/20,180,,https://rasanmart.com/images/backend_images/products/small/29-1.jpg,https://rasanmart.com/product-details/143,True,47
399,Anoop Sattu 400 gm,35,"Atta, Maida & Suji",https://rasanmart.com/product-category/35,195,,https://rasanmart.com/images/backend_images/products/small/anoop-sattu.jpg,https://rasanmart.com/product-details/399,True,47
655,Dabur Amla Hair Oil 180ml,86,Personal Care,https://rasanmart.com/product-category/86,155,,https://rasanmart.com/images/backend_images/products/small/hair-oil.png,https://rasanmart.com/product-details/655,True,47
911,Berlino Macroni Spring (Yellow) 400gm,31,Noodles & Pasta,https://rasanmart.com/product-category/31,130,145,https://rasanmart.com/images/backend_images/products/small/Rasanmart-04.jpg,https://rasanmart.com/product-details/911,True,47
144,Oreo Vanilla 50gm,20,Biscuit & Cookies,https://rasanmart.com/product-category/20,25,,https://rasanmart.com/images/backend_images/products/small/11-13-4.jpg,https://rasanmart.com/product-details/144,True,48
656,Wheel Two in One 1000gm,88,Household,https://rasanmart.com/product-category/88,130,,https://rasanmart.com/images/backend_images/products/small/wheel.png,https://rasanmart.com/product-details/656,True,48
912,Berlino Macroni Elbows (Yellow) 400gm,31,Noodles & Pasta,https://rasanmart.com/product-category/31,130,,https://rasanmart.com/images/backend_images/products/small/Rasanmart-05.jpg,https://rasanmart.com/product-details/912,True,48
1680,Dettol Liquid Handwash Skincare Jar 875ml,86,Personal Care,https://rasanmart.com/product-category/86,238,,https://rasanmart.com/images/backend_images/products/small/1-35.jpg,https://rasanmart.com/product-details/1680,True,48
145,Britannia Good Day Butter 200gm,20,Biscuit & Cookies,https://rasanmart.com/product-category/20,95,,https://rasanmart.com/images/backend_images/products/small/10-15-1.jpg,https://rasanmart.com/product-details/145,True,48
401,Alfa Detergent Soap,88,Household,https://rasanmart.com/product-category/88,10,,https://rasanmart.com/images/backend_images/products/small/alfa-soap.jpg,https://rasanmart.com/product-details/401,True,48
657,Dettol Handwash Original 175ml (B2G1),86,Personal Care,https://rasanmart.com/product-category/86,224,,https://rasanmart.com/images/backend_images/products/small/dettol.png,https://rasanmart.com/product-details/657,True,48
913,Patanjali Aloe Vera Kanti Body Cleanser 100gm,86,Personal Care,https://rasanmart.com/product-category/86,49,,https://rasanmart.com/images/backend_images/products/small/Rasanmart-06.jpg,https://rasanmart.com/product-details/913,True,48
146,Britannia Marie Gold 300gm,20,Biscuit & Cookies,https://rasanmart.com/product-category/20,100,,https://rasanmart.com/images/backend_images/products/small/5.jpg,https://rasanmart.com/product-details/146,True,48
402,Colgate Total Charcoal Deep Clean 120 gm,86,Personal Care,https://rasanmart.com/product-category/86,352,,https://rasanmart.com/images/backend_images/products/small/56425.jpg,https://rasanmart.com/product-details/402,True,48
1682,Patanjali Neem Kanti Body Cleanser 150GM,88,Household,https://rasanmart.com/product-category/88,70,,https://rasanmart.com/images/backend_images/products/small/9-19.jpg,https://rasanmart.com/product-details/1682,True,48
147,Britannia Good Day Cashew 200 gm,20,Biscuit & Cookies,https://rasanmart.com/product-category/20,100,,https://rasanmart.com/images/backend_images/products/small/9-14-3.jpg,https://rasanmart.com/product-details/147,True,48
403,Himalaya Baby Massage Oil 100 ml,87,Baby Care,https://rasanmart.com/product-category/87,224,,https://rasanmart.com/images/backend_images/products/small/himalaya-baby-massage-oil.jpg,https://rasanmart.com/product-details/403,True,48
659,Borges Extra Virgin Olive Oil 2ltr,12,Cooking Oil & Ghee,https://rasanmart.com/product-category/12,6290,,https://rasanmart.com/images/backend_images/products/small/62533.jpg,https://rasanmart.com/product-details/659,True,48
915,Knorr Mixed Vegetable Soup 40gm,15,"Tea, Coffee & Beverage",https://rasanmart.com/product-category/15,88,,https://rasanmart.com/images/backend_images/products/small/84356.jpg,https://rasanmart.com/product-details/915,True,48
1939,Loofah Body Scrubber,86,Personal Care,https://rasanmart.com/product-category/86,80,,https://rasanmart.com/images/backend_images/products/small/hair-bin.png,https://rasanmart.com/product-details/1939,True,48
916,Knorr Italian Mushroom Soup 46gm,15,"Tea, Coffee & Beverage",https://rasanmart.com/product-category/15,104,,https://rasanmart.com/images/backend_images/products/small/94094.jpg,https://rasanmart.com/product-details/916,True,48
917,Diyo 10 pcs Set (Sano),89,Puja Essentials,https://rasanmart.com/product-category/89,40,,https://rasanmart.com/images/backend_images/products/small/received_702661786885138.jpeg,https://rasanmart.com/product-details/917,True,48
1429,Goond 500gm,91,Grocery,https://rasanmart.com/product-category/91,245,,https://rasanmart.com/images/backend_images/products/small/goond.jpg,https://rasanmart.com/product-details/1429,True,48
662,Harpic 900ml,88,Household,https://rasanmart.com/product-category/88,312,,https://rasanmart.com/images/backend_images/products/small/rasanmart-harpic-online.jpg,https://rasanmart.com/product-details/662,True,48
918,Diyo (Thulo) Ek Mukhi,89,Puja Essentials,https://rasanmart.com/product-category/89,35,,https://rasanmart.com/images/backend_images/products/small/received_750352695411272.jpeg,https://rasanmart.com/product-details/918,True,49
919,Diyo (Thulo) Char Mukhi,89,Puja Essentials,https://rasanmart.com/product-category/89,35,,https://rasanmart.com/images/backend_images/products/small/received_412770162740065.jpeg,https://rasanmart.com/product-details/919,True,49
1431,Badam(Peanuts) 500gm,10,Dal & Pulses,https://rasanmart.com/product-category/10,130,,https://rasanmart.com/images/backend_images/products/small/62589.jpeg,https://rasanmart.com/product-details/1431,True,49
152,Horlicks Womens Caramel 400g,11,Energy & Health,https://rasanmart.com/product-category/11,550,,https://rasanmart.com/images/backend_images/products/small/60525.jpg,https://rasanmart.com/product-details/152,True,49
664,Cherry Blossom Black Liquid Shoe Polish 75ml,88,Household,https://rasanmart.com/product-category/88,216,,https://rasanmart.com/images/backend_images/products/small/black-2.png,https://rasanmart.com/product-details/664,True,49
153,Haldirams Punjabi Tadka 200g,52,Snacks & Sweets,https://rasanmart.com/product-category/52,150,,https://rasanmart.com/images/backend_images/products/small/14-9-2.jpg,https://rasanmart.com/product-details/153,True,49
665,Cherry Blossom Dark Tan (Brown)Liquid Shoe Polish 75ml,88,Household,https://rasanmart.com/product-category/88,196,,https://rasanmart.com/images/backend_images/products/small/brown-2.png,https://rasanmart.com/product-details/665,True,49
921,McCain Aloo Tikki 400gm,90,Frozen Foods,https://rasanmart.com/product-category/90,325,,https://rasanmart.com/images/backend_images/products/small/Mccain-Aloo-tikki.jpg,https://rasanmart.com/product-details/921,True,49
1433,Moth Geda 1Kg,10,Dal & Pulses,https://rasanmart.com/product-category/10,260,,https://rasanmart.com/images/backend_images/products/small/46719.gif,https://rasanmart.com/product-details/1433,False,49
154,Haldirams Navarattan 360gm,52,Snacks & Sweets,https://rasanmart.com/product-category/52,247,,https://rasanmart.com/images/backend_images/products/small/Haldiram-Navrattan.jpg,https://rasanmart.com/product-details/154,True,49
410,Henko Stain Champion 6 kg,88,Household,https://rasanmart.com/product-category/88,1624,,https://rasanmart.com/images/backend_images/products/small/56741.png,https://rasanmart.com/product-details/410,True,49
922,McCain Masala Fries 375gm,90,Frozen Foods,https://rasanmart.com/product-category/90,345,,https://rasanmart.com/images/backend_images/products/small/Mccain-Masala-Fries.jpg,https://rasanmart.com/product-details/922,True,49
667,Kellogg's Cornflakes 250gm,11,Energy & Health,https://rasanmart.com/product-category/11,199,,https://rasanmart.com/images/backend_images/products/small/59229.png,https://rasanmart.com/product-details/667,True,49
923,McCain Variety Pack 550gm,90,Frozen Foods,https://rasanmart.com/product-category/90,465,,https://rasanmart.com/images/backend_images/products/small/Mccain-Variety-Pack.jpg,https://rasanmart.com/product-details/923,True,49
1691,Britannia Digestive Sugarfree Biscuit 350Gm,20,Biscuit & Cookies,https://rasanmart.com/product-category/20,310,,https://rasanmart.com/images/backend_images/products/small/10-20.jpg,https://rasanmart.com/product-details/1691,True,49
156,Haldirams Aloo Bhujia 400gm,52,Snacks & Sweets,https://rasanmart.com/product-category/52,250,,https://rasanmart.com/images/backend_images/products/small/haldirams.jpg,https://rasanmart.com/product-details/156,True,49
412,Mungrelo (kala Jeera) SM 100 gm,9,Masala & Spices,https://rasanmart.com/product-category/9,84,,https://rasanmart.com/images/backend_images/products/small/mugrelo.jpg,https://rasanmart.com/product-details/412,True,49
668,Horlicks Box 2Kg,11,Energy & Health,https://rasanmart.com/product-category/11,1488,,https://rasanmart.com/images/backend_images/products/small/horlicks-big.gif,https://rasanmart.com/product-details/668,True,49
924,McCain Veggie Burger Patty 360gm,90,Frozen Foods,https://rasanmart.com/product-category/90,350,,https://rasanmart.com/images/backend_images/products/small/Mccain-veggie-buger.jpg,https://rasanmart.com/product-details/924,True,49
157,Haldirams Bhujia 1kg,52,Snacks & Sweets,https://rasanmart.com/product-category/52,699,,https://rasanmart.com/images/backend_images/products/small/haldiram-bhujiya.jpg,https://rasanmart.com/product-details/157,True,49
669,Nilon's Ginger Paste 180gm,91,Grocery,https://rasanmart.com/product-category/91,100,,https://rasanmart.com/images/backend_images/products/small/4-7.jpg,https://rasanmart.com/product-details/669,True,50
925,Good Luck Indian Prime Rice 7 Star 20Kg,34,Rice & Rice Products,https://rasanmart.com/product-category/34,3199,3250,https://rasanmart.com/images/backend_images/products/small/59609.png,https://rasanmart.com/product-details/925,True,50
1437,Moong Chhata Dal (Lentils) 1kg,10,Dal & Pulses,https://rasanmart.com/product-category/10,206,,https://rasanmart.com/images/backend_images/products/small/27611.jpeg,https://rasanmart.com/product-details/1437,True,50
158,Haldirams Cornflakes Mix 400gm,52,Snacks & Sweets,https://rasanmart.com/product-category/52,441,,https://rasanmart.com/images/backend_images/products/small/16-12.jpg,https://rasanmart.com/product-details/158,True,50
670,Nilon's Ginger Garlic Paste 180gm,91,Grocery,https://rasanmart.com/product-category/91,100,,https://rasanmart.com/images/backend_images/products/small/76391.png,https://rasanmart.com/product-details/670,True,50
671,Aer Pocket ( Lush Green ),88,Household,https://rasanmart.com/product-category/88,104,,https://rasanmart.com/images/backend_images/products/small/9545.png,https://rasanmart.com/product-details/671,True,50
927,Kellogg's Cornflakes 875Gm (25% Extra),11,Energy & Health,https://rasanmart.com/product-category/11,595,770,https://rasanmart.com/images/backend_images/products/small/corn-Flakes-1.jpg,https://rasanmart.com/product-details/927,True,50
160,Rin Detergent Powder 1Kg,88,Household,https://rasanmart.com/product-category/88,190,,https://rasanmart.com/images/backend_images/products/small/61919.jpeg,https://rasanmart.com/product-details/160,True,50
416,Mr. White Detergent Powder 1 kg,88,Household,https://rasanmart.com/product-category/88,192,,https://rasanmart.com/images/backend_images/products/small/Mr.-white-detergent-powder.jpg,https://rasanmart.com/product-details/416,True,50
672,Aer Pocket ( Crush Pink ),88,Household,https://rasanmart.com/product-category/88,104,,https://rasanmart.com/images/backend_images/products/small/11164.png,https://rasanmart.com/product-details/672,True,50
1440,Maas Dal Medium(Lentils) 1Kg,10,Dal & Pulses,https://rasanmart.com/product-category/10,198,,https://rasanmart.com/images/backend_images/products/small/27345.jpeg,https://rasanmart.com/product-details/1440,True,50
417,Henko Matic Top Load 2 kg,88,Household,https://rasanmart.com/product-category/88,888,,https://rasanmart.com/images/backend_images/products/small/13-11.jpg,https://rasanmart.com/product-details/417,True,50
673,Himalaya Anti-Hair Fall Oil 200ml,86,Personal Care,https://rasanmart.com/product-category/86,448,,https://rasanmart.com/images/backend_images/products/small/5091.jpg,https://rasanmart.com/product-details/673,True,50
418,Druk Tomato Ketchup 5 kg,16,"Ketchup, Spreads & Jams",https://rasanmart.com/product-category/16,1150,1198,https://rasanmart.com/images/backend_images/products/small/druk-tomato-ketchup-5-kg.jpg,https://rasanmart.com/product-details/418,True,50
674,Himalaya Neem and Turmeric Soap 125gm,86,Personal Care,https://rasanmart.com/product-category/86,102,,https://rasanmart.com/images/backend_images/products/small/25908.png,https://rasanmart.com/product-details/674,True,50
1186,Vaksana Cold Pressed Virgin Coconut oil 200ml,86,Personal Care,https://rasanmart.com/product-category/86,400,,https://rasanmart.com/images/backend_images/products/small/rasan-mart-vaksanacoocnut-oil.jpg,https://rasanmart.com/product-details/1186,True,50
163,Dabur Honey 1Kg,11,Energy & Health,https://rasanmart.com/product-category/11,850,,https://rasanmart.com/images/backend_images/products/small/46778.jpeg,https://rasanmart.com/product-details/163,True,50
1187,Fortune Suji 400gm,35,"Atta, Maida & Suji",https://rasanmart.com/product-category/35,48,60,https://rasanmart.com/images/backend_images/products/small/rasan-mart-suji-1.jpg,https://rasanmart.com/product-details/1187,True,50
164,Haldirams Bhujia 360g,52,Snacks & Sweets,https://rasanmart.com/product-category/52,289,,https://rasanmart.com/images/backend_images/products/small/iamges.jpg,https://rasanmart.com/product-details/164,True,50
676,Scourer Green Pad ( 10pcs ),88,Household,https://rasanmart.com/product-category/88,100,,https://rasanmart.com/images/backend_images/products/small/51850.png,https://rasanmart.com/product-details/676,True,50
932,Dettol Soap Cool 150gm (5pcs),86,Personal Care,https://rasanmart.com/product-category/86,496,,https://rasanmart.com/images/backend_images/products/small/rasanmart-dettolsoap-online.jpg,https://rasanmart.com/product-details/932,True,51
165,Urja Premium Jeera Masino Rice 25kg,34,Rice & Rice Products,https://rasanmart.com/product-category/34,2399,2400,https://rasanmart.com/images/backend_images/products/small/urjas-steam-premium-jeera-m.jpg,https://rasanmart.com/product-details/165,True,51
677,Himalaya Anti-Dandruff Hair Oil 200ml,86,Personal Care,https://rasanmart.com/product-category/86,448,,https://rasanmart.com/images/backend_images/products/small/91133.jpg,https://rasanmart.com/product-details/677,True,51
933,Henko Matic Frontloaod 1kg,88,Household,https://rasanmart.com/product-category/88,496,,https://rasanmart.com/images/backend_images/products/small/16-13.jpg,https://rasanmart.com/product-details/933,True,51
678,Sugar Free Gold Low Calorie 100gm,14,Sugar & Salt,https://rasanmart.com/product-category/14,250,,https://rasanmart.com/images/backend_images/products/small/2-2.png,https://rasanmart.com/product-details/678,True,51
934,Himalaya Baby Lotion 200ml,87,Baby Care,https://rasanmart.com/product-category/87,312,,https://rasanmart.com/images/backend_images/products/small/himalaya-babay-lotion.jpg,https://rasanmart.com/product-details/934,True,51
1190,Handmade Painted Diyo Orange 10pcs,89,Puja Essentials,https://rasanmart.com/product-category/89,110,,https://rasanmart.com/images/backend_images/products/small/36261.jpeg,https://rasanmart.com/product-details/1190,False,51
1446,Druk Soya Sauce 500gm,16,"Ketchup, Spreads & Jams",https://rasanmart.com/product-category/16,130,,https://rasanmart.com/images/backend_images/products/small/27519.gif,https://rasanmart.com/product-details/1446,True,51
1702,Gyan Multigrains Atta 2Kg,35,"Atta, Maida & Suji",https://rasanmart.com/product-category/35,280,305,https://rasanmart.com/images/backend_images/products/small/13-15.jpg,https://rasanmart.com/product-details/1702,True,51
679,Chini Makhana 100gm,8,Dry Fruits,https://rasanmart.com/product-category/8,20,,https://rasanmart.com/images/backend_images/products/small/83894.png,https://rasanmart.com/product-details/679,True,51
935,Himalaya Gentle Baby Shampoo 100ml,87,Baby Care,https://rasanmart.com/product-category/87,169,,https://rasanmart.com/images/backend_images/products/small/Himalaya-gentle-baby-shampoo.jpg,https://rasanmart.com/product-details/935,True,51
1191,Handmade Painted Diyo Yellow 10pcs,89,Puja Essentials,https://rasanmart.com/product-category/89,110,,https://rasanmart.com/images/backend_images/products/small/46099.jpeg,https://rasanmart.com/product-details/1191,True,51
680,Magaj (SM) 100gm,9,Masala & Spices,https://rasanmart.com/product-category/9,130,135,https://rasanmart.com/images/backend_images/products/small/47986.jpeg,https://rasanmart.com/product-details/680,True,51
1192,Handmade Painted Diyo Dark Green 10pcs,89,Puja Essentials,https://rasanmart.com/product-category/89,110,,https://rasanmart.com/images/backend_images/products/small/67092.jpeg,https://rasanmart.com/product-details/1192,True,51
169,Patanjali Superior Detergent Powder 1Kg,88,Household,https://rasanmart.com/product-category/88,195,,https://rasanmart.com/images/backend_images/products/small/28-3.jpg,https://rasanmart.com/product-details/169,True,51
1193,Handmade Painted Diyo Red 10pcs,89,Puja Essentials,https://rasanmart.com/product-category/89,110,,https://rasanmart.com/images/backend_images/products/small/34413.jpeg,https://rasanmart.com/product-details/1193,True,51
426,Johnson's Baby Shampoo 500 ml,87,Baby Care,https://rasanmart.com/product-category/87,784,,https://rasanmart.com/images/backend_images/products/small/31130.jpg,https://rasanmart.com/product-details/426,True,51
682,Plastic Plate Big 12 No (25pcs),88,Household,https://rasanmart.com/product-category/88,200,,https://rasanmart.com/images/backend_images/products/small/1-ab.png,https://rasanmart.com/product-details/682,True,51
427,Berlino Macroni Penne 900g,31,Noodles & Pasta,https://rasanmart.com/product-category/31,290,320,https://rasanmart.com/images/backend_images/products/small/60190.png,https://rasanmart.com/product-details/427,True,51
683,Plastic Plate Big Khande 12 No (25pcs),88,Household,https://rasanmart.com/product-category/88,210,,https://rasanmart.com/images/backend_images/products/small/2ab.png,https://rasanmart.com/product-details/683,True,51
1707,Local Qwati 500gm,10,Dal & Pulses,https://rasanmart.com/product-category/10,90,115,https://rasanmart.com/images/backend_images/products/small/19-11.jpg,https://rasanmart.com/product-details/1707,True,52
172,Dettol plaster 1(pcs),86,Personal Care,https://rasanmart.com/product-category/86,4,,https://rasanmart.com/images/backend_images/products/small/rasan-mart-dettolplaster-1.jpg,https://rasanmart.com/product-details/172,True,52
173,Druk Soya Sauce 200gm,16,"Ketchup, Spreads & Jams",https://rasanmart.com/product-category/16,80,,https://rasanmart.com/images/backend_images/products/small/81457.gif,https://rasanmart.com/product-details/173,True,52
174,Druk Jam Strawberry 500g,16,"Ketchup, Spreads & Jams",https://rasanmart.com/product-category/16,250,,https://rasanmart.com/images/backend_images/products/small/druk-strawberry-jam.gif,https://rasanmart.com/product-details/174,True,52
943,Fortune Refine Mustard Oil 5Ltr Jar,12,Cooking Oil & Ghee,https://rasanmart.com/product-category/12,2099,2150,https://rasanmart.com/images/backend_images/products/small/75562.jpeg,https://rasanmart.com/product-details/943,True,52
176,ORAL-B Shiny Clean,86,Personal Care,https://rasanmart.com/product-category/86,32,,https://rasanmart.com/images/backend_images/products/small/75.jpg,https://rasanmart.com/product-details/176,True,52
1200,Kids Face Protection,87,Baby Care,https://rasanmart.com/product-category/87,55,,https://rasanmart.com/images/backend_images/products/small/26648.jpeg,https://rasanmart.com/product-details/1200,True,52
1456,Dabur Gulab Jal Rosewater 250ml,86,Personal Care,https://rasanmart.com/product-category/86,140,,https://rasanmart.com/images/backend_images/products/small/10400.gif,https://rasanmart.com/product-details/1456,True,52
433,Rakura Classic Himalayan Break Fast CTC Tea 1KG,15,"Tea, Coffee & Beverage",https://rasanmart.com/product-category/15,649,,https://rasanmart.com/images/backend_images/products/small/2334.png,https://rasanmart.com/product-details/433,True,52
1457,Sugar Free Gold 500 T,14,Sugar & Salt,https://rasanmart.com/product-category/14,480,,https://rasanmart.com/images/backend_images/products/small/98027.jpeg,https://rasanmart.com/product-details/1457,True,52
178,Patanjali Superior Detergent Cake 250 gm,88,Household,https://rasanmart.com/product-category/88,45,,https://rasanmart.com/images/backend_images/products/small/99757.jpg,https://rasanmart.com/product-details/178,True,52
690,Paper Coffee Cup Set 90pcs,88,Household,https://rasanmart.com/product-category/88,120,,https://rasanmart.com/images/backend_images/products/small/rasan-mart-coffeecup.jpg,https://rasanmart.com/product-details/690,True,52
179,Patanjali Haldi Chandan Body Cleaner 100gm,86,Personal Care,https://rasanmart.com/product-category/86,49,,https://rasanmart.com/images/backend_images/products/small/rasanmart-haldichandan-sabun.jpg,https://rasanmart.com/product-details/179,True,52
435,Britannia Nutri Choice Digestive Biscuit 500 gm,20,Biscuit & Cookies,https://rasanmart.com/product-category/20,250,,https://rasanmart.com/images/backend_images/products/small/britannia-digestive-500-gm.jpg,https://rasanmart.com/product-details/435,True,52
691,Plastic Spoon Set 90pcs,88,Household,https://rasanmart.com/product-category/88,90,,https://rasanmart.com/images/backend_images/products/small/spoon.png,https://rasanmart.com/product-details/691,True,52
947,Sancho,86,Personal Care,https://rasanmart.com/product-category/86,40,,https://rasanmart.com/images/backend_images/products/small/sancho.jpg,https://rasanmart.com/product-details/947,True,52
692,Plastic Fork Set 90pcs,88,Household,https://rasanmart.com/product-category/88,90,,https://rasanmart.com/images/backend_images/products/small/fork.png,https://rasanmart.com/product-details/692,True,52
181,Godrej Aer Spray Fresh Lush Green 220ml,88,Household,https://rasanmart.com/product-category/88,158,,https://rasanmart.com/images/backend_images/products/small/aer-pocket.jpg,https://rasanmart.com/product-details/181,True,52
437,Britannia Nutri Choice Digestive Bistuit 250 gm,20,Biscuit & Cookies,https://rasanmart.com/product-category/20,130,,https://rasanmart.com/images/backend_images/products/small/britannia-digestive-biscuit.jpg,https://rasanmart.com/product-details/437,True,52
695,Liril Lime Rush Soap 75gm Set (4pcs),88,Household,https://rasanmart.com/product-category/88,160,,https://rasanmart.com/images/backend_images/products/small/3.....-1.png,https://rasanmart.com/product-details/695,True,52
951,"Slider Freezer Storage Bag's (10.56"" X 11‘‘)-12 Bags",88,Household,https://rasanmart.com/product-category/88,140,,https://rasanmart.com/images/backend_images/products/small/rasan-mart-foodwrap.jpg,https://rasanmart.com/product-details/951,True,53
184,Veeba Sandwich Spread Thousand Island 250g,16,"Ketchup, Spreads & Jams",https://rasanmart.com/product-category/16,275,,https://rasanmart.com/images/backend_images/products/small/88282.png,https://rasanmart.com/product-details/184,False,53
1208,Makai Ko Pitho (Atta) 500g,35,"Atta, Maida & Suji",https://rasanmart.com/product-category/35,45,,https://rasanmart.com/images/backend_images/products/small/88362.jpeg,https://rasanmart.com/product-details/1208,True,53
441,ParleG 200gm,20,Biscuit & Cookies,https://rasanmart.com/product-category/20,50,,https://rasanmart.com/images/backend_images/products/small/parle-g-gluco-biscuits-parl.gif,https://rasanmart.com/product-details/441,True,53
697,Kissan Fresh Tomato Ketchup 1Kg,16,"Ketchup, Spreads & Jams",https://rasanmart.com/product-category/16,255,,https://rasanmart.com/images/backend_images/products/small/5.....png,https://rasanmart.com/product-details/697,True,53
954,Toilet Brush,88,Household,https://rasanmart.com/product-category/88,80,,https://rasanmart.com/images/backend_images/products/small/61476.jpg,https://rasanmart.com/product-details/954,True,53
1466,Tiger Balm White Ointment 19.4gm,86,Personal Care,https://rasanmart.com/product-category/86,305,,https://rasanmart.com/images/backend_images/products/small/90251.jpeg,https://rasanmart.com/product-details/1466,True,53
443,Bhuja Somani Puffed Rice,91,Grocery,https://rasanmart.com/product-category/91,60,70,https://rasanmart.com/images/backend_images/products/small/somani-puffed-rice.jpg,https://rasanmart.com/product-details/443,True,53
1467,Moong Geda 1 Kg,10,Dal & Pulses,https://rasanmart.com/product-category/10,198,,https://rasanmart.com/images/backend_images/products/small/19528.gif,https://rasanmart.com/product-details/1467,True,53
188,Good Night Refill (45 day),88,Household,https://rasanmart.com/product-category/88,136,,https://rasanmart.com/images/backend_images/products/small/good-knight-silver-refill.jpg,https://rasanmart.com/product-details/188,True,53
700,Ilam Tea Jar 200gm,15,"Tea, Coffee & Beverage",https://rasanmart.com/product-category/15,250,,https://rasanmart.com/images/backend_images/products/small/12...png,https://rasanmart.com/product-details/700,True,53
1468,Maas Chhata Dal 1Kg,10,Dal & Pulses,https://rasanmart.com/product-category/10,236,,https://rasanmart.com/images/backend_images/products/small/77957.gif,https://rasanmart.com/product-details/1468,True,53
1724,Water Balloons,88,Household,https://rasanmart.com/product-category/88,15,,https://rasanmart.com/images/backend_images/products/small/10-22.jpg,https://rasanmart.com/product-details/1724,True,53
189,Hit Gel Kills Cockroaches,88,Household,https://rasanmart.com/product-category/88,352,,https://rasanmart.com/images/backend_images/products/small/hit-anti-roach.jpg,https://rasanmart.com/product-details/189,True,53
1469,Rahar Dal (Non-polish) 1Kg,10,Dal & Pulses,https://rasanmart.com/product-category/10,226,,https://rasanmart.com/images/backend_images/products/small/37831.gif,https://rasanmart.com/product-details/1469,True,53
1725,Vim Liquid Yellow 500ml,88,Household,https://rasanmart.com/product-category/88,210,,https://rasanmart.com/images/backend_images/products/small/11-21.jpg,https://rasanmart.com/product-details/1725,True,53
446,Exo Dishwash Bar 95 gm,88,Household,https://rasanmart.com/product-category/88,10,,https://rasanmart.com/images/backend_images/products/small/exo-dishwash-bar.jpg,https://rasanmart.com/product-details/446,True,53
191,Lali Gurans Special Masala Tea 500g,15,"Tea, Coffee & Beverage",https://rasanmart.com/product-category/15,300,350,https://rasanmart.com/images/backend_images/products/small/lali-gurans-tea.gif,https://rasanmart.com/product-details/191,True,53
959,Gud 500gm,91,Grocery,https://rasanmart.com/product-category/91,70,,https://rasanmart.com/images/backend_images/products/small/31264.jpg,https://rasanmart.com/product-details/959,True,53
1471,Bodi 1Kg,10,Dal & Pulses,https://rasanmart.com/product-category/10,170,,https://rasanmart.com/images/backend_images/products/small/21776.jpeg,https://rasanmart.com/product-details/1471,True,53
1727,Nariwal Ko Dori,89,Puja Essentials,https://rasanmart.com/product-category/89,30,,https://rasanmart.com/images/backend_images/products/small/14-17.jpg,https://rasanmart.com/product-details/1727,True,54
192,Lia Agarbatti (18N),89,Puja Essentials,https://rasanmart.com/product-category/89,30,,https://rasanmart.com/images/backend_images/products/small/lia-rainbow.gif,https://rasanmart.com/product-details/192,True,54
448,Johnson's Baby Lotion 100ml,87,Baby Care,https://rasanmart.com/product-category/87,198,,https://rasanmart.com/images/backend_images/products/small/85577.jpg,https://rasanmart.com/product-details/448,True,54
1472,Chana Dal (Split Bengal Gram) 1Kg,10,Dal & Pulses,https://rasanmart.com/product-category/10,152,,https://rasanmart.com/images/backend_images/products/small/95161.jpeg,https://rasanmart.com/product-details/1472,True,54
193,Patanjali Aloe Vera Gel 150ml,86,Personal Care,https://rasanmart.com/product-category/86,170,,https://rasanmart.com/images/backend_images/products/small/patanjali-saundarya-aoie-ve.jpg,https://rasanmart.com/product-details/193,True,54
449,Everest Dry Ginger 100 gm,9,Masala & Spices,https://rasanmart.com/product-category/9,244,,https://rasanmart.com/images/backend_images/products/small/everest-dry-ginger-100-gm.jpg,https://rasanmart.com/product-details/449,True,54
194,Patanjali Saundarya Face Wash 100gm,86,Personal Care,https://rasanmart.com/product-category/86,170,,https://rasanmart.com/images/backend_images/products/small/patanjali-saundarya-face-wa.gif,https://rasanmart.com/product-details/194,True,54
450,Everest White Pepper 50 gm,9,Masala & Spices,https://rasanmart.com/product-category/9,300,,https://rasanmart.com/images/backend_images/products/small/everest-white-pepper.jpg,https://rasanmart.com/product-details/450,True,54
1474,Druk Vinegar 700ml,15,"Tea, Coffee & Beverage",https://rasanmart.com/product-category/15,100,,https://rasanmart.com/images/backend_images/products/small/31826.jpeg,https://rasanmart.com/product-details/1474,True,54
195,Tokla Tea 500g,15,"Tea, Coffee & Beverage",https://rasanmart.com/product-category/15,295,300,https://rasanmart.com/images/backend_images/products/small/37-1-1.jpg,https://rasanmart.com/product-details/195,True,54
196,Pepsodent Herbal Paste 175gm,86,Personal Care,https://rasanmart.com/product-category/86,130,,https://rasanmart.com/images/backend_images/products/small/23491.gif,https://rasanmart.com/product-details/196,True,54
452,Bikaji Baat Cheet Papad 800 gm,91,Grocery,https://rasanmart.com/product-category/91,565,,https://rasanmart.com/images/backend_images/products/small/41-1-1.jpg,https://rasanmart.com/product-details/452,True,54
1732,Kissan MIx Fruit Jam 500gm,16,"Ketchup, Spreads & Jams",https://rasanmart.com/product-category/16,304,,https://rasanmart.com/images/backend_images/products/small/25-4.jpg,https://rasanmart.com/product-details/1732,True,54
197,Pepsodent Germi Check 170gm,86,Personal Care,https://rasanmart.com/product-category/86,125,,https://rasanmart.com/images/backend_images/products/small/3168.gif,https://rasanmart.com/product-details/197,True,54
453,Kalo Noon ( Black Salt SM 200gm,14,Sugar & Salt,https://rasanmart.com/product-category/14,40,50,https://rasanmart.com/images/backend_images/products/small/black-salt.jpg,https://rasanmart.com/product-details/453,True,54
965,Nilon's Mango Pickle 500gm,32,Pickles,https://rasanmart.com/product-category/32,235,,https://rasanmart.com/images/backend_images/products/small/Nilpns-Mango-Pickel.jpg,https://rasanmart.com/product-details/965,True,54
1477,Druk Tomato Puree 450gm,16,"Ketchup, Spreads & Jams",https://rasanmart.com/product-category/16,145,,https://rasanmart.com/images/backend_images/products/small/85900.jpeg,https://rasanmart.com/product-details/1477,True,54
198,Colgate Max Fresh Gel 70gm,86,Personal Care,https://rasanmart.com/product-category/86,90,,https://rasanmart.com/images/backend_images/products/small/colgate-maxfresh.gif,https://rasanmart.com/product-details/198,True,54
454,Borges Olive Massage Oil 250ml,12,Cooking Oil & Ghee,https://rasanmart.com/product-category/12,990,,https://rasanmart.com/images/backend_images/products/small/bordes-olive-massage-oil-250ml.jpg,https://rasanmart.com/product-details/454,True,54
1478,Druk Green Chilli Sauce 200gm,16,"Ketchup, Spreads & Jams",https://rasanmart.com/product-category/16,75,,https://rasanmart.com/images/backend_images/products/small/84262.jpeg,https://rasanmart.com/product-details/1478,True,54
455,Borges Olive Oil Classic 1ltr,12,Cooking Oil & Ghee,https://rasanmart.com/product-category/12,3190,,https://rasanmart.com/images/backend_images/products/small/borges-classic-olive-oil-1ltr.jpg,https://rasanmart.com/product-details/455,True,55
711,Wai Wai Mama Bhujiya (20pcs Pack),31,Noodles & Pasta,https://rasanmart.com/product-category/31,60,,https://rasanmart.com/images/backend_images/products/small/79536.jpg,https://rasanmart.com/product-details/711,True,55
1735,Pears P & G 125gm,86,Personal Care,https://rasanmart.com/product-category/86,175,,https://rasanmart.com/images/backend_images/products/small/31-3.jpg,https://rasanmart.com/product-details/1735,True,55
456,Borges Olive Oil Extra Virgin 1ltr,12,Cooking Oil & Ghee,https://rasanmart.com/product-category/12,3590,,https://rasanmart.com/images/backend_images/products/small/borges-extra-virgin-oliveoil-1ltr.jpg,https://rasanmart.com/product-details/456,True,55
968,Nano Wiper,88,Household,https://rasanmart.com/product-category/88,85,,https://rasanmart.com/images/backend_images/products/small/88992.jpg,https://rasanmart.com/product-details/968,True,55
1480,Everest Tikhalal Red Chilli Powder 100gm,9,Masala & Spices,https://rasanmart.com/product-category/9,122,,https://rasanmart.com/images/backend_images/products/small/98973.gif,https://rasanmart.com/product-details/1480,True,55
1481,Colgate Active Salt Toothpaste 200gm,86,Personal Care,https://rasanmart.com/product-category/86,256,,https://rasanmart.com/images/backend_images/products/small/66945.gif,https://rasanmart.com/product-details/1481,True,55
1737,Hajmola Imli (120 Tabs),88,Household,https://rasanmart.com/product-category/88,85,,https://rasanmart.com/images/backend_images/products/small/48698.jpg,https://rasanmart.com/product-details/1737,True,55
1482,Closeup Toothpaste 80gm,86,Personal Care,https://rasanmart.com/product-category/86,85,,https://rasanmart.com/images/backend_images/products/small/81425.gif,https://rasanmart.com/product-details/1482,True,55
203,Harpic Bathroom Cleaner Red 500ml,88,Household,https://rasanmart.com/product-category/88,184,,https://rasanmart.com/images/backend_images/products/small/harpic-bathroom.gif,https://rasanmart.com/product-details/203,True,55
715,Special Khada Garam Masala 100gm,9,Masala & Spices,https://rasanmart.com/product-category/9,180,185,https://rasanmart.com/images/backend_images/products/small/19......png,https://rasanmart.com/product-details/715,True,55
204,Harpic Regular Power Plus 500ml,88,Household,https://rasanmart.com/product-category/88,176,,https://rasanmart.com/images/backend_images/products/small/harpic-power-plus.jpg,https://rasanmart.com/product-details/204,True,55
972,Bhatmas Seto 500gm,10,Dal & Pulses,https://rasanmart.com/product-category/10,100,130,https://rasanmart.com/images/backend_images/products/small/89166.jpg,https://rasanmart.com/product-details/972,True,55
1484,Maggi Hot and Sweet 1Kg,16,"Ketchup, Spreads & Jams",https://rasanmart.com/product-category/16,420,,https://rasanmart.com/images/backend_images/products/small/93371.jpeg,https://rasanmart.com/product-details/1484,True,55
205,Hit Spray Black 400ml,88,Household,https://rasanmart.com/product-category/88,380,384,https://rasanmart.com/images/backend_images/products/small/kala-hit.jpg,https://rasanmart.com/product-details/205,True,55
717,Viva Box 500gm,11,Energy & Health,https://rasanmart.com/product-category/11,430,,https://rasanmart.com/images/backend_images/products/small/96307.png,https://rasanmart.com/product-details/717,True,55
1742,Colgate Dental Cream Toothpaste 100gm,86,Personal Care,https://rasanmart.com/product-category/86,110,,https://rasanmart.com/images/backend_images/products/small/38-2.jpg,https://rasanmart.com/product-details/1742,True,55
207,Baygon 625ML,88,Household,https://rasanmart.com/product-category/88,449,544,https://rasanmart.com/images/backend_images/products/small/46335.jpg,https://rasanmart.com/product-details/207,True,55
464,Everest Chat Masala 100gm,9,Masala & Spices,https://rasanmart.com/product-category/9,180,,https://rasanmart.com/images/backend_images/products/small/everest-chaat-masala-100g.jpg,https://rasanmart.com/product-details/464,True,55
720,Glucon-D Orange Jar 400gm,11,Energy & Health,https://rasanmart.com/product-category/11,270,,https://rasanmart.com/images/backend_images/products/small/glucon-d-2.png,https://rasanmart.com/product-details/720,True,55
465,Everest Kitchen King Masala 100gm,9,Masala & Spices,https://rasanmart.com/product-category/9,234,,https://rasanmart.com/images/backend_images/products/small/everest-kitchen-kingmasala-100g.jpg,https://rasanmart.com/product-details/465,True,56
977,India Gate Basmati Rice Dubar 5kg,34,Rice & Rice Products,https://rasanmart.com/product-category/34,1350,1472,https://rasanmart.com/images/backend_images/products/small/India-Gate-basmati-Rice.jpg,https://rasanmart.com/product-details/977,True,56
1233,Mamy Poko Pants M36 Pants,87,Baby Care,https://rasanmart.com/product-category/87,760,,https://rasanmart.com/images/backend_images/products/small/13939.jpeg,https://rasanmart.com/product-details/1233,True,56
210,Dove Sampoo NOC 340ml,86,Personal Care,https://rasanmart.com/product-category/86,360,370,https://rasanmart.com/images/backend_images/products/small/dove-hair-therapy.gif,https://rasanmart.com/product-details/210,True,56
978,India Gate Brown Basmati Rice 1kg,34,Rice & Rice Products,https://rasanmart.com/product-category/34,275,280,https://rasanmart.com/images/backend_images/products/small/52783.png,https://rasanmart.com/product-details/978,True,56
1746,Choco Chips 100gm,51,Dairy & Bakery Products,https://rasanmart.com/product-category/51,120,,https://rasanmart.com/images/backend_images/products/small/5-35.jpeg,https://rasanmart.com/product-details/1746,True,56
211,Godrej Nupur Henna 50gm,86,Personal Care,https://rasanmart.com/product-category/86,56,,https://rasanmart.com/images/backend_images/products/small/nupur-henna.jpg,https://rasanmart.com/product-details/211,True,56
1235,Sugar Free Natura Jar 100gm,14,Sugar & Salt,https://rasanmart.com/product-category/14,240,,https://rasanmart.com/images/backend_images/products/small/54323.jpeg,https://rasanmart.com/product-details/1235,True,56
1491,Sugar Free 100 T,14,Sugar & Salt,https://rasanmart.com/product-category/14,120,,https://rasanmart.com/images/backend_images/products/small/89109.jpeg,https://rasanmart.com/product-details/1491,True,56
1747,Sunflower Seeds 100gm,11,Energy & Health,https://rasanmart.com/product-category/11,105,,https://rasanmart.com/images/backend_images/products/small/4-37.jpeg,https://rasanmart.com/product-details/1747,True,56
468,Johnson's Baby Oil 500ml,87,Baby Care,https://rasanmart.com/product-category/87,832,,https://rasanmart.com/images/backend_images/products/small/johnsons-baby-oil-500ml.jpg,https://rasanmart.com/product-details/468,True,56
1493,Brown Teel S.M 500gm,9,Masala & Spices,https://rasanmart.com/product-category/9,210,220,https://rasanmart.com/images/backend_images/products/small/37662.jpeg,https://rasanmart.com/product-details/1493,True,56
1750,Himalayan Pink Salt Granules 200gm,14,Sugar & Salt,https://rasanmart.com/product-category/14,60,,https://rasanmart.com/images/backend_images/products/small/7-29.jpeg,https://rasanmart.com/product-details/1750,True,56
727,Weikfield Baking Powder 100gm,51,Dairy & Bakery Products,https://rasanmart.com/product-category/51,50,,https://rasanmart.com/images/backend_images/products/small/baking-powder-.png,https://rasanmart.com/product-details/727,True,56
1751,Citric Acid (Nimbu Sat) 100gm,9,Masala & Spices,https://rasanmart.com/product-category/9,60,,https://rasanmart.com/images/backend_images/products/small/8-29.jpeg,https://rasanmart.com/product-details/1751,True,56
1752,Chedder Cheese Powder 100gm,91,Grocery,https://rasanmart.com/product-category/91,125,,https://rasanmart.com/images/backend_images/products/small/38460.jpg,https://rasanmart.com/product-details/1752,True,56
217,Maggi Rich Tomato Ketchup 960gm,16,"Ketchup, Spreads & Jams",https://rasanmart.com/product-category/16,388,,https://rasanmart.com/images/backend_images/products/small/17-6.jpg,https://rasanmart.com/product-details/217,True,56
729,Dabur Glucose-D 1Kg + 100gm Free,11,Energy & Health,https://rasanmart.com/product-category/11,400,,https://rasanmart.com/images/backend_images/products/small/glucose-.png,https://rasanmart.com/product-details/729,True,56
218,Maggi Hot and Sweet Tomato sauce 500gm,16,"Ketchup, Spreads & Jams",https://rasanmart.com/product-category/16,295,,https://rasanmart.com/images/backend_images/products/small/33358.jpeg,https://rasanmart.com/product-details/218,True,56
474,Parachute Coconut Oil 175ml,86,Personal Care,https://rasanmart.com/product-category/86,325,,https://rasanmart.com/images/backend_images/products/small/74-1.jpg,https://rasanmart.com/product-details/474,True,56
219,Druk Tomato Puree 850gm,16,"Ketchup, Spreads & Jams",https://rasanmart.com/product-category/16,255,,https://rasanmart.com/images/backend_images/products/small/48255.jpeg,https://rasanmart.com/product-details/219,True,57
475,Parachute Coconut Oil 450ml,86,Personal Care,https://rasanmart.com/product-category/86,720,,https://rasanmart.com/images/backend_images/products/small/74-1.jpg,https://rasanmart.com/product-details/475,True,57
476,Badam(Peanuts) 200gm,91,Grocery,https://rasanmart.com/product-category/91,52,,https://rasanmart.com/images/backend_images/products/small/92803.jpeg,https://rasanmart.com/product-details/476,True,57
988,Bajaj Almond Hair Oil 285ml,86,Personal Care,https://rasanmart.com/product-category/86,335,,https://rasanmart.com/images/backend_images/products/small/20200313_172639.jpg,https://rasanmart.com/product-details/988,True,57
1500,Dried Chilli Flakes 100gm,9,Masala & Spices,https://rasanmart.com/product-category/9,85,,https://rasanmart.com/images/backend_images/products/small/28825.jpeg,https://rasanmart.com/product-details/1500,True,57
1756,Tutti Frutti 100gm,51,Dairy & Bakery Products,https://rasanmart.com/product-category/51,80,,https://rasanmart.com/images/backend_images/products/small/80066.jpg,https://rasanmart.com/product-details/1756,True,57
221,Odonil Blocks 288gmgm mix (3+1),88,Household,https://rasanmart.com/product-category/88,530,,https://rasanmart.com/images/backend_images/products/small/50782.jpg,https://rasanmart.com/product-details/221,True,57
477,Pears Soft and Fresh 125g,86,Personal Care,https://rasanmart.com/product-category/86,175,,https://rasanmart.com/images/backend_images/products/small/pears-soft-and-fresh-125g.jpg,https://rasanmart.com/product-details/477,True,57
733,Weikfield Custard Powder 500gm,51,Dairy & Bakery Products,https://rasanmart.com/product-category/51,230,,https://rasanmart.com/images/backend_images/products/small/9798.jpg,https://rasanmart.com/product-details/733,True,57
989,Bajaj Almond Hair Oil 475ml,86,Personal Care,https://rasanmart.com/product-category/86,590,,https://rasanmart.com/images/backend_images/products/small/70061.jpg,https://rasanmart.com/product-details/989,True,57
1501,Kitchen Rumal,88,Household,https://rasanmart.com/product-category/88,30,,https://rasanmart.com/images/backend_images/products/small/18225.jpeg,https://rasanmart.com/product-details/1501,True,57
1757,Mato Pure Cow Ghee 500ml,12,Cooking Oil & Ghee,https://rasanmart.com/product-category/12,690,725,https://rasanmart.com/images/backend_images/products/small/16-18.jpeg,https://rasanmart.com/product-details/1757,True,57
222,Maggi Noodles 280g,31,Noodles & Pasta,https://rasanmart.com/product-category/31,164,,https://rasanmart.com/images/backend_images/products/small/maggi-noodles-family-pack.gif,https://rasanmart.com/product-details/222,True,57
1758,Sawariya Harbal Gulal (Holi colur),89,Puja Essentials,https://rasanmart.com/product-category/89,15,25,https://rasanmart.com/images/backend_images/products/small/13-17.jpeg,https://rasanmart.com/product-details/1758,True,57
223,Lia Eco 80 Sticks,89,Puja Essentials,https://rasanmart.com/product-category/89,100,,https://rasanmart.com/images/backend_images/products/small/lia.jpg,https://rasanmart.com/product-details/223,True,57
479,Pediasure Vanilla Delight Jar 375gm,11,Energy & Health,https://rasanmart.com/product-category/11,1325,,https://rasanmart.com/images/backend_images/products/small/73705.jpg,https://rasanmart.com/product-details/479,True,57
991,Dhago Mishree 1kg,8,Dry Fruits,https://rasanmart.com/product-category/8,190,,https://rasanmart.com/images/backend_images/products/small/98147.jpg,https://rasanmart.com/product-details/991,True,57
224,Kanchenjunga Agarbatti,89,Puja Essentials,https://rasanmart.com/product-category/89,35,,https://rasanmart.com/images/backend_images/products/small/kanchenjunga-agarbatti.gif,https://rasanmart.com/product-details/224,True,57
480,Hit Spray Red 400ml,88,Household,https://rasanmart.com/product-category/88,302,,https://rasanmart.com/images/backend_images/products/small/red-hit-fresh-fragrance-spray-for-hidden-cockroaches-400ml.jpg,https://rasanmart.com/product-details/480,True,57
993,Mamy Poko Pants L(9-14Kg) 36 Pants,87,Baby Care,https://rasanmart.com/product-category/87,1065,1118,https://rasanmart.com/images/backend_images/products/small/mamyPoko-Pants-L44.jpg,https://rasanmart.com/product-details/993,True,57
1761,Phitkari/Alum 200gm,88,Household,https://rasanmart.com/product-category/88,44,,https://rasanmart.com/images/backend_images/products/small/6-35.jpeg,https://rasanmart.com/product-details/1761,True,58
226,Wai Wai Quick Vageterian Noodles,31,Noodles & Pasta,https://rasanmart.com/product-category/31,20,,https://rasanmart.com/images/backend_images/products/small/wai-wai-quick-vageterian.gif,https://rasanmart.com/product-details/226,True,58
482,Sire Noon 200g,14,Sugar & Salt,https://rasanmart.com/product-category/14,36,,https://rasanmart.com/images/backend_images/products/small/senda-namak.jpg,https://rasanmart.com/product-details/482,True,58
1506,Seto Teel Dhuwa  200gm,9,Masala & Spices,https://rasanmart.com/product-category/9,96,,https://rasanmart.com/images/backend_images/products/small/36040.jpeg,https://rasanmart.com/product-details/1506,True,58
483,Stayfree All Night Ultra Dry XXl 7 Pads,86,Personal Care,https://rasanmart.com/product-category/86,170,174,https://rasanmart.com/images/backend_images/products/small/stayfree-dry-max-all-night-ultra-thin-sanitary-v-7.jpg,https://rasanmart.com/product-details/483,True,58
739,Khulla Tea 500gm,15,"Tea, Coffee & Beverage",https://rasanmart.com/product-category/15,325,375,https://rasanmart.com/images/backend_images/products/small/tea.png,https://rasanmart.com/product-details/739,True,58
995,Weikfield Cocoa Powder 150gm,51,Dairy & Bakery Products,https://rasanmart.com/product-category/51,600,,https://rasanmart.com/images/backend_images/products/small/coca.jpg,https://rasanmart.com/product-details/995,True,58
1507,Seto Teel Dhuwa 500gm,9,Masala & Spices,https://rasanmart.com/product-category/9,240,,https://rasanmart.com/images/backend_images/products/small/71897.jpeg,https://rasanmart.com/product-details/1507,True,58
228,Fortune Sunflower Oil 5Ltr,12,Cooking Oil & Ghee,https://rasanmart.com/product-category/12,2225,2325,https://rasanmart.com/images/backend_images/products/small/94618.jpg,https://rasanmart.com/product-details/228,True,58
996,Pediasure Premium Choclate Jar 375gm,11,Energy & Health,https://rasanmart.com/product-category/11,1248,,https://rasanmart.com/images/backend_images/products/small/59535.webp,https://rasanmart.com/product-details/996,True,58
229,Saffola Gold Oil 5ltr,12,Cooking Oil & Ghee,https://rasanmart.com/product-category/12,2375,2550,https://rasanmart.com/images/backend_images/products/small/38143.jpg,https://rasanmart.com/product-details/229,True,58
1765,Bhansaghar Long grain Rice 5kg,34,Rice & Rice Products,https://rasanmart.com/product-category/34,990,1000,https://rasanmart.com/images/backend_images/products/small/74125.jpeg,https://rasanmart.com/product-details/1765,True,58
230,Meizan Sunflower Oil 2L,12,Cooking Oil & Ghee,https://rasanmart.com/product-category/12,975,1000,https://rasanmart.com/images/backend_images/products/small/meizan-sunflower-seed-oil.gif,https://rasanmart.com/product-details/230,True,58
231,Sona Steam Rice 1kg,34,Rice & Rice Products,https://rasanmart.com/product-category/34,75,,https://rasanmart.com/images/backend_images/products/small/long-grain-rice.jpg,https://rasanmart.com/product-details/231,True,58
232,Maas Chhata Dal 500gm,10,Dal & Pulses,https://rasanmart.com/product-category/10,118,,https://rasanmart.com/images/backend_images/products/small/40382.gif,https://rasanmart.com/product-details/232,True,58
745,McVities Digestive Biscuit 250gm,20,Biscuit & Cookies,https://rasanmart.com/product-category/20,130,,https://rasanmart.com/images/backend_images/products/small/57733.png,https://rasanmart.com/product-details/745,True,58
1257,Food Container Small 1pcs,88,Household,https://rasanmart.com/product-category/88,4,,https://rasanmart.com/images/backend_images/products/small/61686.jpeg,https://rasanmart.com/product-details/1257,True,58
234,Moong Geda 500gm,10,Dal & Pulses,https://rasanmart.com/product-category/10,99,,https://rasanmart.com/images/backend_images/products/small/mung-geda.gif,https://rasanmart.com/product-details/234,True,58
1258,Food Container Large 1pcs,88,Household,https://rasanmart.com/product-category/88,6,,https://rasanmart.com/images/backend_images/products/small/68084.jpeg,https://rasanmart.com/product-details/1258,True,58
235,Moth Geda 500gm,10,Dal & Pulses,https://rasanmart.com/product-category/10,130,,https://rasanmart.com/images/backend_images/products/small/30358.gif,https://rasanmart.com/product-details/235,False,58
491,Welcome Royal Assam Tea 1kg,15,"Tea, Coffee & Beverage",https://rasanmart.com/product-category/15,720,800,https://rasanmart.com/images/backend_images/products/small/welcome-royal-assam-blend-tea-1kg.jpg,https://rasanmart.com/product-details/491,True,59
1003,Dabur Glucose-D 500gm (Free Glass 200 ml ),11,Energy & Health,https://rasanmart.com/product-category/11,220,,https://rasanmart.com/images/backend_images/products/small/GlucoseD-2.jpg,https://rasanmart.com/product-details/1003,True,59
1771,Cutting Mishree 1kg,8,Dry Fruits,https://rasanmart.com/product-category/8,160,,https://rasanmart.com/images/backend_images/products/small/39368.jpg,https://rasanmart.com/product-details/1771,True,59
236,Moong Dal Non-Polish 500gm,10,Dal & Pulses,https://rasanmart.com/product-category/10,104,,https://rasanmart.com/images/backend_images/products/small/moong-talai-dal.gif,https://rasanmart.com/product-details/236,True,59
492,Black Phenyl 500ml,88,Household,https://rasanmart.com/product-category/88,65,,https://rasanmart.com/images/backend_images/products/small/15-14.jpg,https://rasanmart.com/product-details/492,True,59
749,Tough Scourer,88,Household,https://rasanmart.com/product-category/88,25,,https://rasanmart.com/images/backend_images/products/small/31cc.png,https://rasanmart.com/product-details/749,True,59
494,Castic Soda,88,Household,https://rasanmart.com/product-category/88,70,,https://rasanmart.com/images/backend_images/products/small/caustic-soda.jpg,https://rasanmart.com/product-details/494,True,59
239,Vim Bar,88,Household,https://rasanmart.com/product-category/88,10,,https://rasanmart.com/images/backend_images/products/small/vim-power-lemons.gif,https://rasanmart.com/product-details/239,True,59
1007,Dabur Chyawanprash 1Kg,11,Energy & Health,https://rasanmart.com/product-category/11,655,,https://rasanmart.com/images/backend_images/products/small/5-5.jpg,https://rasanmart.com/product-details/1007,True,59
240,Ezee Liquid Detergent 500gm,88,Household,https://rasanmart.com/product-category/88,192,,https://rasanmart.com/images/backend_images/products/small/ezee-godrej.gif,https://rasanmart.com/product-details/240,True,59
752,Aashirvaad Wheat Dalia 500gm,11,Energy & Health,https://rasanmart.com/product-category/11,60,65,https://rasanmart.com/images/backend_images/products/small/41cc.png,https://rasanmart.com/product-details/752,True,59
1008,Imli 500gm,9,Masala & Spices,https://rasanmart.com/product-category/9,200,,https://rasanmart.com/images/backend_images/products/small/10091.jpg,https://rasanmart.com/product-details/1008,True,59
241,Tide Detergent Powder 1Kg,88,Household,https://rasanmart.com/product-category/88,310,,https://rasanmart.com/images/backend_images/products/small/11478.png,https://rasanmart.com/product-details/241,True,59
1009,Dabur Chyawanprash 500gm,11,Energy & Health,https://rasanmart.com/product-category/11,360,,https://rasanmart.com/images/backend_images/products/small/5-5.jpg,https://rasanmart.com/product-details/1009,True,59
498,Safa Liquid Soap 5Ltr,88,Household,https://rasanmart.com/product-category/88,225,,https://rasanmart.com/images/backend_images/products/small/liquid-soap.jpg,https://rasanmart.com/product-details/498,True,59
1010,Patanjali Amla Juice 1Ltr,11,Energy & Health,https://rasanmart.com/product-category/11,250,,https://rasanmart.com/images/backend_images/products/small/rasanmart-3.jpg,https://rasanmart.com/product-details/1010,True,59
1522,Tiger Balm Red Ointment 19.4gm,86,Personal Care,https://rasanmart.com/product-category/86,305,,https://rasanmart.com/images/backend_images/products/small/6685.jpeg,https://rasanmart.com/product-details/1522,True,59
1778,Kids Face Protection (Barbie),87,Baby Care,https://rasanmart.com/product-category/87,55,,https://rasanmart.com/images/backend_images/products/small/2-51-1.jpeg,https://rasanmart.com/product-details/1778,True,59
499,Lizol Citrus 5ltr,88,Household,https://rasanmart.com/product-category/88,1806,,https://rasanmart.com/images/backend_images/products/small/Lizol.jpg,https://rasanmart.com/product-details/499,True,59
1779,Kids Face Protection (Panda),87,Baby Care,https://rasanmart.com/product-category/87,55,,https://rasanmart.com/images/backend_images/products/small/5-40.jpeg,https://rasanmart.com/product-details/1779,True,59
244,Closeup Red Toothpaste 150gm,86,Personal Care,https://rasanmart.com/product-category/86,140,,https://rasanmart.com/images/backend_images/products/small/19904.gif,https://rasanmart.com/product-details/244,True,60
1780,Kids Face Protection (Joker),87,Baby Care,https://rasanmart.com/product-category/87,55,,https://rasanmart.com/images/backend_images/products/small/4-44.jpeg,https://rasanmart.com/product-details/1780,True,60
245,Colgate Dental Cream Toothpaste 190GM,86,Personal Care,https://rasanmart.com/product-category/86,200,,https://rasanmart.com/images/backend_images/products/small/colgate-strong-teeth-toothp.gif,https://rasanmart.com/product-details/245,True,60
757,Druk Soya Sauce 800ml,16,"Ketchup, Spreads & Jams",https://rasanmart.com/product-category/16,120,,https://rasanmart.com/images/backend_images/products/small/1n.png,https://rasanmart.com/product-details/757,True,60
1781,Kids Face Protection (Micky Mouse),87,Baby Care,https://rasanmart.com/product-category/87,55,,https://rasanmart.com/images/backend_images/products/small/6-39.jpeg,https://rasanmart.com/product-details/1781,True,60
1782,Pumpkin Seed 100gm,11,Energy & Health,https://rasanmart.com/product-category/11,110,145,https://rasanmart.com/images/backend_images/products/small/1-46.jpeg,https://rasanmart.com/product-details/1782,True,60
247,Dabur Red Toothpaste(Free Brush) 175g,86,Personal Care,https://rasanmart.com/product-category/86,150,,https://rasanmart.com/images/backend_images/products/small/dabur-red-toothpaste.gif,https://rasanmart.com/product-details/247,True,60
759,Kodomo Cleanser Bottle Andd Accessories 700ml,87,Baby Care,https://rasanmart.com/product-category/87,495,499,https://rasanmart.com/images/backend_images/products/small/kodomo-1.png,https://rasanmart.com/product-details/759,True,60
1783,Face Shield Eyeglass Style Clear Face,76,Health & Safety,https://rasanmart.com/product-category/76,50,,https://rasanmart.com/images/backend_images/products/small/rasan-mart-visor.jpg,https://rasanmart.com/product-details/1783,True,60
248,Dove Shampoo Intense Repair 625ml,86,Personal Care,https://rasanmart.com/product-category/86,690,700,https://rasanmart.com/images/backend_images/products/small/dove-new-intense-repair.gif,https://rasanmart.com/product-details/248,True,60
1528,Kalo Teel 200gm,9,Masala & Spices,https://rasanmart.com/product-category/9,78,,https://rasanmart.com/images/backend_images/products/small/4140.jpeg,https://rasanmart.com/product-details/1528,True,60
249,Dove Shampoo Daily Shine 625ml,86,Personal Care,https://rasanmart.com/product-category/86,735,745,https://rasanmart.com/images/backend_images/products/small/66.png,https://rasanmart.com/product-details/249,True,60
505,Toilet Cleaner 5ltr,88,Household,https://rasanmart.com/product-category/88,350,370,https://rasanmart.com/images/backend_images/products/small/toilet-cleaner-5ltr.jpg,https://rasanmart.com/product-details/505,True,60
761,Dettol Liquid Handwash Original Refill 675ml,86,Personal Care,https://rasanmart.com/product-category/86,174,,https://rasanmart.com/images/backend_images/products/small/42871.jpg,https://rasanmart.com/product-details/761,True,60
1529,Kalo Teel 500gm,9,Masala & Spices,https://rasanmart.com/product-category/9,195,,https://rasanmart.com/images/backend_images/products/small/22267.jpeg,https://rasanmart.com/product-details/1529,True,60
250,Nilon's Mixed Pickle 500 gm,32,Pickles,https://rasanmart.com/product-category/32,235,,https://rasanmart.com/images/backend_images/products/small/Nilons-mixed-pickle.jpg,https://rasanmart.com/product-details/250,True,60
762,Kodomo Baby Bottle And Accessories Cleanser 650ml,87,Baby Care,https://rasanmart.com/product-category/87,770,773,https://rasanmart.com/images/backend_images/products/small/kodomo2.png,https://rasanmart.com/product-details/762,True,60
1786,Sensodyne Brush B2G1,86,Personal Care,https://rasanmart.com/product-category/86,198,,https://rasanmart.com/images/backend_images/products/small/5-41.jpeg,https://rasanmart.com/product-details/1786,True,60
251,Everest Chhole Masala 100g,9,Masala & Spices,https://rasanmart.com/product-category/9,229,,https://rasanmart.com/images/backend_images/products/small/everest-chhole-masala.gif,https://rasanmart.com/product-details/251,True,60
252,Everest Tikhalal Powder 500gm,9,Masala & Spices,https://rasanmart.com/product-category/9,582,,https://rasanmart.com/images/backend_images/products/small/75126.jpg,https://rasanmart.com/product-details/252,True,60
764,Everest Hing 25gm,9,Masala & Spices,https://rasanmart.com/product-category/9,110,,https://rasanmart.com/images/backend_images/products/small/6nnn.png,https://rasanmart.com/product-details/764,True,61
1276,Decorative Diyo #H,89,Puja Essentials,https://rasanmart.com/product-category/89,249,,https://rasanmart.com/images/backend_images/products/small/5-21.jpg,https://rasanmart.com/product-details/1276,True,61
253,Everest Rajma Masala 100g,9,Masala & Spices,https://rasanmart.com/product-category/9,229,,https://rasanmart.com/images/backend_images/products/small/everest-rajma-masala.gif,https://rasanmart.com/product-details/253,True,61
765,Boro Plus Anti-Septic Cream 80gm,86,Personal Care,https://rasanmart.com/product-category/86,235,,https://rasanmart.com/images/backend_images/products/small/60-1.png,https://rasanmart.com/product-details/765,True,61
1021,Kissan Pineapple Jam 500gm,16,"Ketchup, Spreads & Jams",https://rasanmart.com/product-category/16,256,,https://rasanmart.com/images/backend_images/products/small/rasanmart-18.jpg,https://rasanmart.com/product-details/1021,True,61
1277,Decorative Diyo #K,89,Puja Essentials,https://rasanmart.com/product-category/89,249,,https://rasanmart.com/images/backend_images/products/small/3-23.jpg,https://rasanmart.com/product-details/1277,True,61
254,Everest Kashmirilal 100g,9,Masala & Spices,https://rasanmart.com/product-category/9,272,,https://rasanmart.com/images/backend_images/products/small/everest-kashmirilal-masala.gif,https://rasanmart.com/product-details/254,True,61
255,Druk Mayonnaise Sauce 420g,16,"Ketchup, Spreads & Jams",https://rasanmart.com/product-category/16,320,345,https://rasanmart.com/images/backend_images/products/small/druk-classic-mayonnaise.gif,https://rasanmart.com/product-details/255,True,61
767,American Garden Chocolate Flavored Syrup 680gm,51,Dairy & Bakery Products,https://rasanmart.com/product-category/51,1050,,https://rasanmart.com/images/backend_images/products/small/16537.png,https://rasanmart.com/product-details/767,True,61
